P78417,CYTOSOL,
P29762,CYTOSOL,
P07741,CYTOSOL,
P37837,CYTOSOL,
P54687,CYTOSOL,
P11766,CYTOSOL,
P49588,CYTOSOL,
P52888,CYTOSOL,
Q15102,CYTOSOL,
O75663,CYTOSOL,
P00558,CYTOSOL,
P09488,CYTOSOL,
P34932,CYTOSOL,
P07195,CYTOSOL,
P35754,CYTOSOL,
P49591,CYTOSOL,
P40925,CYTOSOL,
Q96KP4,CYTOSOL,
Q9NY33,CYTOSOL,
P49589,CYTOSOL,
P21399,CYTOSOL,
Q16543,CYTOSOL,
P13798,CYTOSOL,
P17174,CYTOSOL,
P13489,CYTOSOL,
Q9BWD1,CYTOSOL,
P19878,CYTOSOL,
Q96C23,CYTOSOL,
P12277,CYTOSOL,
Q93008,CYTOSOL,
P49902,CYTOSOL,
P34896,CYTOSOL,
Q96C90,CYTOSOL,
O15371,CYTOSOL,
Q99613,CYTOSOL,
P28838,CYTOSOL,
Q13094,CYTOSOL,
P08397,CYTOSOL,
P15374,CYTOSOL,
P15559,CYTOSOL,
P30711,CYTOSOL,
P30740,CYTOSOL,
P42574,CYTOSOL,
Q14790,CYTOSOL,
Q8NEC7,CYTOSOL,
Q96BN8,CYTOSOL,
Q96GX9,CYTOSOL,
Q9NZD2,CYTOSOL,
Q12882,CYTOSOL,
Q04446,CYTOSOL,
Q6XQN6,CYTOSOL,
O43847,CYTOSOL,
Q3KQV9,CYTOSOL,
P19971,CYTOSOL,
P36871,CYTOSOL,
Q9Y617,CYTOSOL,
Q9HAB8,CYTOSOL,
Q9NR45,CYTOSOL,
P19623,CYTOSOL,
P53602,CYTOSOL,
O43765,CYTOSOL,
P29218,CYTOSOL,
O95336,CYTOSOL,
P16930,CYTOSOL,
P08243-2,CYTOSOL,
P34949,CYTOSOL,
P49593,CYTOSOL,
P61081,CYTOSOL,
P00492,CYTOSOL,
Q9P2T1,CYTOSOL,
O95394,CYTOSOL,
Q9H773,CYTOSOL,
Q6IA69,CYTOSOL,
Q14376,CYTOSOL,
P09467,CYTOSOL,
Q96AT9,CYTOSOL,
Q13630,CYTOSOL,
Q9H8S9,CYTOSOL,
Q9Y259,CYTOSOL,
P48637,CYTOSOL,
A0AVT1,CYTOSOL,
P15170-2,CYTOSOL,
P31153,CYTOSOL,
Q04760,CYTOSOL,
P18440,CYTOSOL,
P51570,CYTOSOL,
Q9BRA2,CYTOSOL,
P50452,CYTOSOL,
A6NDG6,CYTOSOL,
Q9NRX4,CYTOSOL,
Q9BQC3,CYTOSOL,
O14732,CYTOSOL,
Q9H2P9,CYTOSOL,
Q9NT62,CYTOSOL,
Q9BUT1,CYTOSOL,
P52788,CYTOSOL,
Q6Y2X3,ER,
Q9BZF1-3,ER,
Q8IYK4,ER,
Q8NBJ7,ER,
Q9UNW1,ER,
Q15293,ER,
O00469,ER,
O95479,ER,
Q9NZ01,ER,
O95881,ER,
Q15011,ER,
P14314,ER,
Q14573,ER,
P39656,ER,
Q9BS26,ER,
P33947,ER,
P13674,ER,
Q9Y4L1,ER,
Q9Y2B0,ER,
Q7Z4H8,ER,
Q643R3,ER,
P08240,ER,
P50454,ER,
Q14554,ER,
Q86YB8,ER,
Q9NZ08,ER,
O75298,ER,
Q7Z2K6,ER,
O15460,ER,
O60568,ER,
Q02809,ER,
P16435,ER,
Q969V3,ER,
O95470,ER,
O95302,ER,
Q8NBS9,ER,
Q13724,ER,
P43307,ER,
Q8NBJ5,ER,
Q9H0X9,ER,
Q2TAA5,ER,
Q86UL3,ER,
P48449,ER,
Q96DZ1,ER,
Q9H173,ER,
Q9BUN8,ER,
Q53GQ0,ER,
O94905,ER,
P16615,ER,
Q8NBL1,ER,
Q5JRA6,ER,
Q9HCN8,ER,
Q9UGP8,ER,
Q86UP2,ER,
Q9P035,ER,
P26885,ER,
Q96S52,ER,
Q99442,ER,
Q16850,ER,
Q8TC12,ER,
Q8TCJ2,ER,
Q9P2X0,ER,
Q9H6R6,ER,
O60725,ER,
Q9NYU2-2,ER,
P13667,ER,
P30101,ER,
P07237,ER,
P04843,ER,
P27824,ER,
Q12797,ER,
Q15084-3,ER,
Q13438-4,ER,
O15320-8,ER,
O75477,ER,
P14314-2,ER,
P30040,ER,
P23284,ER,
Q9Y4P3,ER,
Q9BPW9,ER,
P51572,ER,
Q9BZQ6-2,ER,
O15269,ER,
O15270,ER,
Q969N2-5,ER,
Q96JJ7,ER,
Q15738,ER,
Q969V3-2,ER,
Q9Y5M8,ER,
P04035,ER,
Q92611,ER,
Q6UWW8,ER,
Q6P1M0,ER,
Q9BT09,ER,
Q15005,ER,
Q9H3N1,ER,
Q8NBM4,ER,
O43292,ER,
O60762,ER,
Q9H488,ER,
P48651,ER,
O00264,ER,
Q9BU23-2,ER,
Q9UBM7,ER,
Q9H6R6-2,ER,
P60468,ER,
Q92604,ER,
O00400,ER,
Q86TM6-2,ER,
Q9P0I2,ER,
Q9BV94-2,ER,
O75298-3,ER,
Q8N5M9,ER,
Q96E22,ER,
O75356,ER,
O75845,ER,
Q6Y288,ER,
Q9BQB6,ER,
Q11201,GOLGI,
P52848,GOLGI,
Q8TB61-3,GOLGI,
Q92544,GOLGI,
Q8NBJ4-2,GOLGI,
A6NCC3,GOLGI,
O14653,GOLGI,
Q9NY97,GOLGI,
Q9UK23,GOLGI,
Q9NPC4,GOLGI,
Q3T906,GOLGI,
P78382,GOLGI,
Q5VW38,GOLGI,
Q8N2H4,GOLGI,
Q92896,GOLGI,
Q8TBA6,GOLGI,
Q8NBJ4,GOLGI,
O75063,GOLGI,
H3BSY2,GOLGI,
Q7LGA3,GOLGI,
Q86SF2,GOLGI,
O00461,GOLGI,
Q10469,GOLGI,
Q9H1N7,GOLGI,
Q13795,GOLGI,
Q9NXF8,GOLGI,
Q9NX62,GOLGI,
Q9HC24,GOLGI,
B7ZAQ6,GOLGI,
P0CG08,GOLGI,
Q9Y2D2,GOLGI,
Q6ZVE7,GOLGI,
Q9P1Q0,GOLGI,
Q5QJU3,GOLGI,
Q12893,GOLGI,
Q9BSR8,GOLGI,
Q9NYG2,GOLGI,
Q9Y4C5,GOLGI,
Q9P2M4,GOLGI,
O43505,GOLGI,
Q8IVW1,GOLGI,
O60513,GOLGI,
O43286,GOLGI,
Q9UBX8,GOLGI,
P19526,GOLGI,
Q10981,GOLGI,
P22083,GOLGI,
Q76EJ3,GOLGI,
Q9UNA3,GOLGI,
Q495W5,GOLGI,
Q9Y278,GOLGI,
Q70JA7,GOLGI,
Q6UWH4,GOLGI,
O60476,GOLGI,
Q9UJ37,GOLGI,
O43173,GOLGI,
P61647,GOLGI,
Q9Y2B1,GOLGI,
Q96G01,GOLGI,
Q8TB61,GOLGI,
O60909,GOLGI,
Q11128,GOLGI,
P51993,GOLGI,
Q11130,GOLGI,
P26572,GOLGI,
Q8TE99,GOLGI,
P51690,GOLGI,
Q9P2W7,GOLGI,
Q6ZMB0,GOLGI,
Q8NFL0,GOLGI,
Q6UX72,GOLGI,
Q9Y5Z6,GOLGI,
O96024,GOLGI,
Q8WUD6,GOLGI,
Q9H2A9,GOLGI,
O75064,GOLGI,
Q9H3Q3,GOLGI,
O14792,GOLGI,
Q8IZT8,GOLGI,
Q96QI5,GOLGI,
Q9Y661,GOLGI,
Q9Y662,GOLGI,
Q9Y2C3,GOLGI,
O43529,GOLGI,
Q9Y2H6,GOLGI,
Q96H72,GOLGI,
Q92185,GOLGI,
Q92187,GOLGI,
O15466,GOLGI,
Q96JF0,GOLGI,
Q9UNP4,GOLGI,
P78381,GOLGI,
Q9NPZ5,GOLGI,
O43825,GOLGI,
Q8NHY0,GOLGI,
Q9NS84,GOLGI,
Q14789-2,GOLGI,
Q14789-4,GOLGI,
Q8TBA6-2,GOLGI,
Q9NY97-2,GOLGI,
Q9BYC5,GOLGI,
Q8NBZ7,GOLGI,
Q13948,GOLGI,
Q8NCL4,GOLGI,
Q10471,GOLGI,
Q16706,GOLGI,
O94766,GOLGI,
Q10472,GOLGI,
Q6P4E1-5,GOLGI,
Q9HC07,GOLGI,
Q86X52,GOLGI,
Q8IZ52,GOLGI,
P33908,GOLGI,
Q9H9S5,GOLGI,
O95249,GOLGI,
Q13948-2,GOLGI,
O94923,GOLGI,
O60704,GOLGI,
Q9Y227,GOLGI,
O60507,GOLGI,
Q8WZA1,GOLGI,
Q8N428,GOLGI,
Q8WVQ1-3,GOLGI,
Q09328,GOLGI,
Q8NDZ4,GOLGI,
Q92896-3,GOLGI,
Q8N6G5,GOLGI,
Q9P2E5,GOLGI,
P07711,LYSOSOME,
Q9UBX1,LYSOSOME,
Q9UBR2,LYSOSOME,
O00754,LYSOSOME,
P04066,LYSOSOME,
P25774,LYSOSOME,
P43234,LYSOSOME,
P15586,LYSOSOME,
P34059,LYSOSOME,
Q6ZP29,LYSOSOME,
P53634,LYSOSOME,
P17050,LYSOSOME,
P08236,LYSOSOME,
Q13571,LYSOSOME,
P10619,LYSOSOME,
O00115,LYSOSOME,
P07686,LYSOSOME,
Q9NUN5,LYSOSOME,
O60911,LYSOSOME,
O00462,LYSOSOME,
P38571,LYSOSOME,
P42785,LYSOSOME,
P09668,LYSOSOME,
Q13510,LYSOSOME,
P07339,LYSOSOME,
P07858,LYSOSOME,
P10619-2,LYSOSOME,
P13284,LYSOSOME,
P15848,LYSOSOME,
P38571-2,LYSOSOME,
Q6ZP29-2,LYSOSOME,
Q9NRA0-4,LYSOSOME,
Q9UHL4,LYSOSOME,
Q8WWB7-2,LYSOSOME,
O14773,LYSOSOME,
P16278-2,LYSOSOME,
Q9Y646,LYSOSOME,
Q8NCC3,LYSOSOME,
Q9HAT2-2,LYSOSOME,
Q02083-2,LYSOSOME,
Q01459,LYSOSOME,
Q96RQ9,LYSOSOME,
Q68CP4-2,LYSOSOME,
P15289,LYSOSOME,
Q9NRA2,LYSOSOME,
P54802,LYSOSOME,
Q99519,LYSOSOME,
O00584,LYSOSOME,
Q92820,LYSOSOME,
Q99538,LYSOSOME,
P16278-3,LYSOSOME,
Q8NHP8,LYSOSOME,
O00115-2,LYSOSOME,
P51688,LYSOSOME,
P10253,LYSOSOME,
P06280,LYSOSOME,
P40939,MITOCHONDRIA,
Q13423,MITOCHONDRIA,
P43304,MITOCHONDRIA,
O60313-2,MITOCHONDRIA,
Q99798,MITOCHONDRIA,
Q12931-2,MITOCHONDRIA,
Q02218,MITOCHONDRIA,
Q5JTZ9,MITOCHONDRIA,
P28331-4,MITOCHONDRIA,
Q5JRX3,MITOCHONDRIA,
P06576,MITOCHONDRIA,
P25705,MITOCHONDRIA,
P40926,MITOCHONDRIA,
Q9Y6N5,MITOCHONDRIA,
P49411,MITOCHONDRIA,
P00367,MITOCHONDRIA,
O94826,MITOCHONDRIA,
O95202,MITOCHONDRIA,
P09622,MITOCHONDRIA,
Q16822,MITOCHONDRIA,
P31930,MITOCHONDRIA,
P23786,MITOCHONDRIA,
P31040,MITOCHONDRIA,
P23368,MITOCHONDRIA,
P24752,MITOCHONDRIA,
P08559,MITOCHONDRIA,
O76031,MITOCHONDRIA,
P05091,MITOCHONDRIA,
P56181-2,MITOCHONDRIA,
P22695,MITOCHONDRIA,
Q10713,MITOCHONDRIA,
O43615,MITOCHONDRIA,
P22033,MITOCHONDRIA,
Q6NUK1,MITOCHONDRIA,
P49821-2,MITOCHONDRIA,
Q02252-2,MITOCHONDRIA,
P30837,MITOCHONDRIA,
P13804,MITOCHONDRIA,
P42765,MITOCHONDRIA,
O75390,MITOCHONDRIA,
P10515,MITOCHONDRIA,
P22570,MITOCHONDRIA,
Q96CM8-3,MITOCHONDRIA,
P12694,MITOCHONDRIA,
P30084,MITOCHONDRIA,
P00505,MITOCHONDRIA,
O75306,MITOCHONDRIA,
P55809,MITOCHONDRIA,
P50213,MITOCHONDRIA,
Q00325-2,MITOCHONDRIA,
O75439,MITOCHONDRIA,
O00330,MITOCHONDRIA,
P04181,MITOCHONDRIA,
P30405,MITOCHONDRIA,
P26440,MITOCHONDRIA,
Q9Y305-2,MITOCHONDRIA,
P11182,MITOCHONDRIA,
Q53H12,MITOCHONDRIA,
O75947,MITOCHONDRIA,
O95299,MITOCHONDRIA,
O75489,MITOCHONDRIA,
P22830,MITOCHONDRIA,
P24539,MITOCHONDRIA,
P16219,MITOCHONDRIA,
Q16795,MITOCHONDRIA,
Q4G0N4,MITOCHONDRIA,
P13995,MITOCHONDRIA,
Q16134,MITOCHONDRIA,
P30038,MITOCHONDRIA,
P36542,MITOCHONDRIA,
O96008,MITOCHONDRIA,
P30042,MITOCHONDRIA,
P53597,MITOCHONDRIA,
Q02127,MITOCHONDRIA,
Q3ZCQ8,MITOCHONDRIA,
Q15118,MITOCHONDRIA,
P19404,MITOCHONDRIA,
P47985,MITOCHONDRIA,
O75027,MITOCHONDRIA,
O43837,MITOCHONDRIA,
Q6NVY1,MITOCHONDRIA,
P46199,MITOCHONDRIA,
P43897,MITOCHONDRIA,
P13073,MITOCHONDRIA,
P45954,MITOCHONDRIA,
O15382,MITOCHONDRIA,
P51649,MITOCHONDRIA,
P27144,MITOCHONDRIA,
Q02978,MITOCHONDRIA,
O00217,MITOCHONDRIA,
P32322,MITOCHONDRIA,
P51553,MITOCHONDRIA,
P42126,MITOCHONDRIA,
O43181,MITOCHONDRIA,
Q15070-2,MITOCHONDRIA,
O75208,MITOCHONDRIA,
P62072,MITOCHONDRIA,
O43716,MITOCHONDRIA,
O60830,MITOCHONDRIA,
O75251,MITOCHONDRIA,
P10606,MITOCHONDRIA,
O75964,MITOCHONDRIA,
O43678,MITOCHONDRIA,
O14925,MITOCHONDRIA,
O43674,MITOCHONDRIA,
P00403,MITOCHONDRIA,
O75380,MITOCHONDRIA,
Q9Y5L4,MITOCHONDRIA,
O95169-3,MITOCHONDRIA,
Q9Y5J9,MITOCHONDRIA,
Q16854,MITOCHONDRIA,
Q9Y5J7,MITOCHONDRIA,
Q16595,MITOCHONDRIA,
Q6DKK2,MITOCHONDRIA,
Q99766,MITOCHONDRIA,
P10109,MITOCHONDRIA,
O95563,MITOCHONDRIA,
P23434,MITOCHONDRIA,
O95167,MITOCHONDRIA,
O43676,MITOCHONDRIA,
Q8IUX1-4,MITOCHONDRIA,
P0DJ07,MITOCHONDRIA,
O14521-2,MITOCHONDRIA,
P12074,MITOCHONDRIA,
P19367,MITOCHONDRIA,
O75648,MITOCHONDRIA,
P11498,MITOCHONDRIA,
Q04837,MITOCHONDRIA,
Q6IN84,MITOCHONDRIA,
O00142,MITOCHONDRIA,
P10176,MITOCHONDRIA,
Q9UKU7,MITOCHONDRIA,
Q14249,MITOCHONDRIA,
P13196,MITOCHONDRIA,
Q15031,MITOCHONDRIA,
Q9P0J1,MITOCHONDRIA,
P34897,MITOCHONDRIA,
Q9NUB1,MITOCHONDRIA,
O75127,MITOCHONDRIA,
O43819,MITOCHONDRIA,
P30048,MITOCHONDRIA,
Q9Y5J6,MITOCHONDRIA,
P07919,MITOCHONDRIA,
O75879,MITOCHONDRIA,
Q969M1,MITOCHONDRIA,
O14874,MITOCHONDRIA,
P05166,MITOCHONDRIA,
Q4G176,MITOCHONDRIA,
Q16740,MITOCHONDRIA,
P54819,MITOCHONDRIA,
Q96CM8,MITOCHONDRIA,
Q5HYK3,MITOCHONDRIA,
P05165,MITOCHONDRIA,
Q15120,MITOCHONDRIA,
Q12931,MITOCHONDRIA,
P61604,MITOCHONDRIA,
O43677,MITOCHONDRIA,
O95169,MITOCHONDRIA,
Q16698,MITOCHONDRIA,
P21912,MITOCHONDRIA,
Q8N5M1,MITOCHONDRIA,
P20674,MITOCHONDRIA,
P36957,MITOCHONDRIA,
P36551,MITOCHONDRIA,
Q02252,MITOCHONDRIA,
P49590,MITOCHONDRIA,
P04179,MITOCHONDRIA,
O75616,MITOCHONDRIA,
P48735,MITOCHONDRIA,
Q5JPH6,MITOCHONDRIA,
P11177,MITOCHONDRIA,
Q9NUJ1,MITOCHONDRIA,
Q15070,MITOCHONDRIA,
Q9H845,MITOCHONDRIA,
Q00325,MITOCHONDRIA,
Q16836,MITOCHONDRIA,
P28331,MITOCHONDRIA,
Q9P0S2,MITOCHONDRIA,
O75880,MITOCHONDRIA,
O60313,MITOCHONDRIA,
P21953,MITOCHONDRIA,
P49748,MITOCHONDRIA,
P36776,MITOCHONDRIA,
Q8N4Q1,MITOCHONDRIA,
Q9UII2,MITOCHONDRIA,
P11310,MITOCHONDRIA,
P49821,MITOCHONDRIA,
Q14197,MITOCHONDRIA,
O14548,MITOCHONDRIA,
Q6KCM7,MITOCHONDRIA,
O15091,MITOCHONDRIA,
P31937,MITOCHONDRIA,
P14406,MITOCHONDRIA,
O14521,MITOCHONDRIA,
Q8IUX1,MITOCHONDRIA,
Q5SVS4,MITOCHONDRIA,
P56181,MITOCHONDRIA,
Q9UBB5,NUCLEUS,
Q9Y580,NUCLEUS,
Q9H9Y6,NUCLEUS,
Q99575,NUCLEUS,
Q96MU7,NUCLEUS,
Q2NL82,NUCLEUS,
O60563,NUCLEUS,
Q9NR30,NUCLEUS,
Q9GZR7,NUCLEUS,
O60341,NUCLEUS,
O00567,NUCLEUS,
Q5QJE6,NUCLEUS,
Q13573,NUCLEUS,
Q969G3,NUCLEUS,
Q13823,NUCLEUS,
O43818,NUCLEUS,
Q8TED0,NUCLEUS,
Q9BZE4,NUCLEUS,
P17844,NUCLEUS,
Q9BSC4,NUCLEUS,
Q9NYH9,NUCLEUS,
Q9UMY1,NUCLEUS,
O15381,NUCLEUS,
P55769,NUCLEUS,
Q9Y2X3,NUCLEUS,
P78316,NUCLEUS,
Q9NVP1,NUCLEUS,
Q9NY61,NUCLEUS,
Q9Y3T9,NUCLEUS,
Q9BVJ6,NUCLEUS,
Q9H0A0,NUCLEUS,
Q8TDD1,NUCLEUS,
Q9NPE3,NUCLEUS,
Q9NY93,NUCLEUS,
Q9NP64,NUCLEUS,
Q9BQ39,NUCLEUS,
Q9NV31,NUCLEUS,
Q76FK4,NUCLEUS,
Q9H8H2,NUCLEUS,
Q9Y5J1,NUCLEUS,
Q9H8H0,NUCLEUS,
P22087,NUCLEUS,
Q9Y3C1,NUCLEUS,
Q969X6,NUCLEUS,
Q14690,NUCLEUS,
O60287,NUCLEUS,
Q15061,NUCLEUS,
Q9Y2R4,NUCLEUS,
Q13151,NUCLEUS,
P07910-2,NUCLEUS,
O75643,NUCLEUS,
Q96E39,NUCLEUS,
P09661,NUCLEUS,
P35637-2,NUCLEUS,
Q8N684-2,NUCLEUS,
O14497,NUCLEUS,
Q8IY81,NUCLEUS,
P42285,NUCLEUS,
Q12996,NUCLEUS,
Q9ULR0,NUCLEUS,
O43395,NUCLEUS,
Q13523,NUCLEUS,
Q14137,NUCLEUS,
O15226,NUCLEUS,
Q99848,NUCLEUS,
Q8N9T8,NUCLEUS,
Q5SY16,NUCLEUS,
P52756,NUCLEUS,
Q7RTV0,NUCLEUS,
Q9NZM5,NUCLEUS,
P22670,NUCLEUS,
Q8WTT2,NUCLEUS,
Q9P2K5-2,NUCLEUS,
P26368-2,NUCLEUS,
Q8IYL3,NUCLEUS,
Q14498-2,NUCLEUS,
Q9H0L4,NUCLEUS,
O95478,NUCLEUS,
O95232,NUCLEUS,
O95602,NUCLEUS,
Q16630,NUCLEUS,
Q9BRD0,NUCLEUS,
Q9H7N4,NUCLEUS,
O95926,NUCLEUS,
P78332,NUCLEUS,
Q9UPN6,NUCLEUS,
Q6NW34-2,NUCLEUS,
Q9Y2K7,NUCLEUS,
Q8N8D1,NUCLEUS,
Q6RFH5,NUCLEUS,
Q92733,NUCLEUS,
P52272-2,NUCLEUS,
P11388,NUCLEUS-CHROMATIN,
A6NHR9,NUCLEUS-CHROMATIN,
Q9UQE7,NUCLEUS-CHROMATIN,
O60264,NUCLEUS-CHROMATIN,
O95239,NUCLEUS-CHROMATIN,
Q5SSJ5,NUCLEUS-CHROMATIN,
O60216,NUCLEUS-CHROMATIN,
P62805,NUCLEUS-CHROMATIN,
Q96SB8,NUCLEUS-CHROMATIN,
P07305,NUCLEUS-CHROMATIN,
P18754,NUCLEUS-CHROMATIN,
P16104,NUCLEUS-CHROMATIN,
Q96KK5,NUCLEUS-CHROMATIN,
Q96QV6,NUCLEUS-CHROMATIN,
P20671,NUCLEUS-CHROMATIN,
Q99878,NUCLEUS-CHROMATIN,
P0C0S8,NUCLEUS-CHROMATIN,
Q93077,NUCLEUS-CHROMATIN,
P16401,NUCLEUS-CHROMATIN,
Q99879,NUCLEUS-CHROMATIN,
P23527,NUCLEUS-CHROMATIN,
Q8N257,NUCLEUS-CHROMATIN,
O95983,NUCLEUS-CHROMATIN,
Q8TBE0,NUCLEUS-CHROMATIN,
Q02539,NUCLEUS-CHROMATIN,
P16403,NUCLEUS-CHROMATIN,
P16402,NUCLEUS-CHROMATIN,
Q7L7L0,NUCLEUS-CHROMATIN,
P33778,NUCLEUS-CHROMATIN,
P58876,NUCLEUS-CHROMATIN,
Q93079,NUCLEUS-CHROMATIN,
Q99880,NUCLEUS-CHROMATIN,
Q99877,NUCLEUS-CHROMATIN,
Q5QNW6,NUCLEUS-CHROMATIN,
P0C5Y9,NUCLEUS-CHROMATIN,
P0C5Z0,NUCLEUS-CHROMATIN,
O75530,NUCLEUS-CHROMATIN,
P07199,NUCLEUS-CHROMATIN,
Q96DN6,NUCLEUS-CHROMATIN,
Q15047,NUCLEUS-CHROMATIN,
Q9P0M6,NUCLEUS-CHROMATIN,
P10412,NUCLEUS-CHROMATIN,
P62807,NUCLEUS-CHROMATIN,
P06899,NUCLEUS-CHROMATIN,
O60814,NUCLEUS-CHROMATIN,
Q16778,NUCLEUS-CHROMATIN,
P68431,NUCLEUS-CHROMATIN,
Q15326,NUCLEUS-CHROMATIN,
O75367,NUCLEUS-CHROMATIN,
Q96KQ7,NUCLEUS-CHROMATIN,
Q96AP0,NUCLEUS-CHROMATIN,
Q86SE8,NUCLEUS-CHROMATIN,
Q9H930,NUCLEUS-CHROMATIN,
Q86TJ2,NUCLEUS-CHROMATIN,
Q9UIG0,NUCLEUS-CHROMATIN,
O75478,NUCLEUS-CHROMATIN,
Q9NRL2,NUCLEUS-CHROMATIN,
Q8N3U4,NUCLEUS-CHROMATIN,
P49450,NUCLEUS-CHROMATIN,
Q96A08,NUCLEUS-CHROMATIN,
Q96L73,NUCLEUS-CHROMATIN,
P28358,NUCLEUS-CHROMATIN,
P35453,NUCLEUS-CHROMATIN,
Q9UNL4,NUCLEUS-CHROMATIN,
Q71DI3,NUCLEUS-CHROMATIN,
Q14683,NUCLEUS-CHROMATIN,
P17096,NUCLEUS-CHROMATIN,
P46013,NUCLEUS-CHROMATIN,
Q9HC52,NUCLEUS-CHROMATIN,
Q9Y6I4,NUCLEUS-CHROMATIN,
Q8IY18,NUCLEUS-CHROMATIN,
Q9NQS7-2,NUCLEUS-CHROMATIN,
Q03188,NUCLEUS-CHROMATIN,
Q5UIP0,NUCLEUS-CHROMATIN,
P06400,NUCLEUS-CHROMATIN,
Q96BT3,NUCLEUS-CHROMATIN,
Q6P0N0,NUCLEUS-CHROMATIN,
Q15326-6,NUCLEUS-CHROMATIN,
Q92674,NUCLEUS-CHROMATIN,
Q9P0Z9,PEROXISOME,
P28328,PEROXISOME,
P56589,PEROXISOME,
P09110,PEROXISOME,
Q08426,PEROXISOME,
Q86WA8,PEROXISOME,
P51659,PEROXISOME,
Q7Z412,PEROXISOME,
O75381,PEROXISOME,
Q8WVX9,PEROXISOME,
O00116,PEROXISOME,
O15254,PEROXISOME,
O14832,PEROXISOME,
Q15067,PEROXISOME,
Q9NR77,PEROXISOME,
O43808,PEROXISOME,
O75381-2,PEROXISOME,
P0C024,PEROXISOME,
Q13608,PEROXISOME,
Q15067-2,PEROXISOME,
Q9NUI1,PEROXISOME,
P22307,PEROXISOME,
Q9UJ83-2,PEROXISOME,
O15228,PEROXISOME,
P28288,PEROXISOME,
Q92968,PEROXISOME,
Q8NG11-2,PM,
O75882,PM,
P25445-6,PM,
P20594,PM,
P08183,PM,
Q96I34,PM,
O75781,PM,
Q15262-2,PM,
Q58EX2-3,PM,
Q14126,PM,
O60262,PM,
P78310,PM,
P10301,PM,
Q8TAA9,PM,
A4D1S0-2,PM,
O00161,PM,
O00468-2,PM,
O00526,PM,
O00533,PM,
O14786,PM,
O14786-3,PM,
O14828-2,PM,
O14910,PM,
O15031,PM,
O15394,PM,
O15551,PM,
O43895,PM,
O60241-4,PM,
O60330,PM,
O60449,PM,
O60449-3,PM,
O60462-4,PM,
O60637-3,PM,
O75019-2,PM,
O75787,PM,
O94856,PM,
O95164,PM,
O95264,PM,
O95297-2,PM,
O95832,PM,
P02686-2,PM,
P04839,PM,
P05023,PM,
P05026,PM,
P05106,PM,
P05362,PM,
P05556,PM,
P06213,PM,
P06213-2,PM,
P06756-3,PM,
P07204,PM,
P07333,PM,
P07949,PM,
P08195-2,PM,
P08311,PM,
P08514,PM,
P08571,PM,
P08575-2,PM,
P08582,PM,
P08648,PM,
P08754,PM,
P09543,PM,
P10586-2,PM,
P11166,PM,
P11215,PM,
P11836,PM,
P11912,PM,
P12318-2,PM,
P13164,PM,
P13385,PM,
P13591,PM,
P13591-1,PM,
P13598,PM,
P14151,PM,
P14209-3,PM,
P14384,PM,
P14415,PM,
P15382,PM,
P16070-18,PM,
P16109,PM,
P16150,PM,
P16284-3,PM,
P17301,PM,
P17677,PM,
P17813-2,PM,
P19022,PM,
P19022-2,PM,
P19397,PM,
P20020,PM,
P20020-6,PM,
P20138,PM,
P20701,PM,
P20702,PM,
P21589,PM,
P21709,PM,
P22223,PM,
P22460,PM,
P22794,PM,
P22888,PM,
P23229,PM,
P23515,PM,
P23634,PM,
P23634-4,PM,
P26010,PM,
P26718,PM,
P26992,PM,
P27216,PM,
P27701-2,PM,
P29323-2,PM,
P29965,PM,
P30530,PM,
P31641,PM,
P32004,PM,
P32246,PM,
P32248,PM,
P32249,PM,
P32302,PM,
P32942,PM,
P32970,PM,
P33151,PM,
P33241,PM,
P33527-4,PM,
P35221,PM,
P35222,PM,
P35408,PM,
P35613-2,PM,
P36383,PM,
P38570,PM,
P39086,PM,
P41180,PM,
P41217,PM,
P41231,PM,
P41597-2,PM,
P41732,PM,
P42857-2,PM,
P43119,PM,
P47871,PM,
P47900,PM,
P48960-2,PM,
P49961,PM,
P50895,PM,
P51164,PM,
P51511,PM,
P51674,PM,
P53985,PM,
P54760,PM,
P54762,PM,
P54849,PM,
P55040,PM,
P55085,PM,
P55160,PM,
P55286,PM,
P55291,PM,
P56750,PM,
P56856,PM,
P56880,PM,
P58180,PM,
P63092,PM,
P63218,PM,
P78423,PM,
P78536,PM,
P78552-2,PM,
P80723,PM,
P84095,PM,
P98153,PM,
P98172,PM,
Q01629,PM,
Q01650,PM,
Q01814,PM,
Q02094,PM,
Q02487,PM,
Q03395,PM,
Q03405,PM,
Q06418,PM,
Q08722,PM,
Q12846,PM,
Q12864,PM,
Q12891,PM,
Q13433,PM,
Q13491,PM,
Q13591,PM,
Q13740-2,PM,
Q14002,PM,
Q14210,PM,
Q14699,PM,
Q14982-2,PM,
Q15262,PM,
Q15722,PM,
Q16720,PM,
Q16853,PM,
Q5TAT6,PM,
Q5VWK5,PM,
Q5VXU1,PM,
Q6GTX8,PM,
Q6GTX8-3,PM,
Q6IA17,PM,
Q6PEY0,PM,
Q6PP77,PM,
Q6UX01,PM,
Q6UXU4,PM,
Q6UXZ4,PM,
Q6X4W1,PM,
Q6ZTQ4,PM,
Q7Z2K8,PM,
Q7Z403-2,PM,
Q7Z6M3,PM,
Q86UP0,PM,
Q86UW2,PM,
Q8IWT6,PM,
Q8IX19,PM,
Q8IYJ0,PM,
Q8N0W4,PM,
Q8N292,PM,
Q8N2Q7,PM,
Q8N7J2,PM,
Q8N7P3,PM,
Q8N8Q9-2,PM,
Q8N944,PM,
Q8N9M5,PM,
Q8NC67-3,PM,
Q8NFZ4,PM,
Q8NHJ6-2,PM,
Q8NHJ6-3,PM,
Q8NHL6,PM,
Q8TAF8,PM,
Q8TBP5,PM,
Q8TCZ2-6,PM,
Q8TDQ0,PM,
Q8TDU6,PM,
Q8TEZ7,PM,
Q92692,PM,
Q92823-3,PM,
Q92859,PM,
Q92859-2,PM,
Q96B33,PM,
Q96BF3,PM,
Q96CW1,PM,
Q96D42,PM,
Q96D96,PM,
Q96D96-4,PM,
Q96DU3,PM,
Q96EP9,PM,
Q96J84,PM,
Q96PE1,PM,
Q96QZ7,PM,
Q99445,PM,
Q99569,PM,
Q99569-2,PM,
Q99572-8,PM,
Q99795,PM,
Q9BSF0,PM,
Q9BWQ8,PM,
Q9BY67-5,PM,
Q9GZY6,PM,
Q9H1C0,PM,
Q9H2E6,PM,
Q9H2W1,PM,
Q9H6B4,PM,
Q9H7M9,PM,
Q9HAR2,PM,
Q9NPG4,PM,
Q9NQS5,PM,
Q9NR61,PM,
Q9NRM0,PM,
Q9NSA0,PM,
Q9NSI5,PM,
Q9NT68-2,PM,
Q9NW97,PM,
Q9NWQ8,PM,
Q9NY35,PM,
Q9NZ94,PM,
Q9P121,PM,
Q9UBK5,PM,
Q9UBY5,PM,
Q9UHW9,PM,
Q9UHW9-3,PM,
Q9UIB8,PM,
Q9UIW2,PM,
Q9ULL4,PM,
Q9UN71,PM,
Q9UQ52,PM,
Q9Y219-2,PM,
Q9Y2J2-2,PM,
Q9Y342,PM,
Q9Y5E5,PM,
Q9Y5F0,PM,
Q9Y5I4,PM,
Q9Y624,PM,
Q9Y639,PM,
O14514,PM,
Q9UPR5,PM,
O60503,PM,
Q9ULK5,PM,
P53794,PM,
Q99808,PM,
Q99460,PROTEASOME,
Q13200,PROTEASOME,
O43242,PROTEASOME,
P25786,PROTEASOME,
O00232,PROTEASOME,
Q15008,PROTEASOME,
O00231,PROTEASOME,
O14818,PROTEASOME,
Q9UNM6,PROTEASOME,
P60900,PROTEASOME,
P55036,PROTEASOME,
P25789,PROTEASOME,
P20618,PROTEASOME,
P25788-2,PROTEASOME,
P28062,PROTEASOME,
P25787,PROTEASOME,
P28066,PROTEASOME,
P49720,PROTEASOME,
P49721,PROTEASOME,
P40306,PROTEASOME,
P28070,PROTEASOME,
P28072,PROTEASOME,
P48556,PROTEASOME,
P28065,PROTEASOME,
O00487,PROTEASOME,
O95456-2,PROTEASOME,
Q99436,PROTEASOME,
P28074,PROTEASOME,
P62195,PROTEASOME,
P62191,PROTEASOME,
P43686,PROTEASOME,
P35998,PROTEASOME,
Q16401,PROTEASOME,
P08865,RIBOSOME 40S, 
P0CW22,RIBOSOME 40S,
P15880,RIBOSOME 40S,
P22090,RIBOSOME 40S,
P23396,RIBOSOME 40S,
P25398,RIBOSOME 40S,
P39019,RIBOSOME 40S,
P46781,RIBOSOME 40S,
P46782,RIBOSOME 40S,
P46783,RIBOSOME 40S,
P60866,RIBOSOME 40S,
P61247,RIBOSOME 40S,
P62081,RIBOSOME 40S,
P62241,RIBOSOME 40S,
P62244,RIBOSOME 40S,
P62249,RIBOSOME 40S,
P62263,RIBOSOME 40S,
P62266,RIBOSOME 40S,
P62269,RIBOSOME 40S,
P62277,RIBOSOME 40S,
P62280,RIBOSOME 40S,
P62701,RIBOSOME 40S,
P62753,RIBOSOME 40S,
P62841,RIBOSOME 40S,
P62847-2,RIBOSOME 40S,
P62854,RIBOSOME 40S,
P62857,RIBOSOME 40S,
P62861,RIBOSOME 40S,
P63220,RIBOSOME 40S,
P62829,RIBOSOME 60S,
P46777,RIBOSOME 60S,
P35268,RIBOSOME 60S,
Q9Y3U8,RIBOSOME 60S,
P18124,RIBOSOME 60S,
P26373,RIBOSOME 60S,
P40429,RIBOSOME 60S,
P50914,RIBOSOME 60S,
P18621,RIBOSOME 60S,
P30050,RIBOSOME 60S,
P62750,RIBOSOME 60S,
Q07020,RIBOSOME 60S,
P84098,RIBOSOME 60S,
P05387,RIBOSOME 60S,
P62906,RIBOSOME 60S,
Q02543,RIBOSOME 60S,
P62899,RIBOSOME 60S,
P36578,RIBOSOME 60S,
P27635,RIBOSOME 60S,
P62888,RIBOSOME 60S,
P32969,RIBOSOME 60S,
P05388,RIBOSOME 60S,
P46778,RIBOSOME 60S,
P46779,RIBOSOME 60S,
P63173,RIBOSOME 60S,
P39023,RIBOSOME 60S,
P61353,RIBOSOME 60S,
P42766,RIBOSOME 60S,
P61313,RIBOSOME 60S,
Q02878,RIBOSOME 60S,
P61513,RIBOSOME 60S,
P18077,RIBOSOME 60S,
P62917,RIBOSOME 60S,
P05386,RIBOSOME 60S,
P62424,RIBOSOME 60S,
P61254,RIBOSOME 60S,
P83881,RIBOSOME 60S,
P83731,RIBOSOME 60S,
P49207,RIBOSOME 60S,
P62987,RIBOSOME 60S,
P47914,RIBOSOME 60S,
Q969Q0,RIBOSOME 60S,
P62913-2,RIBOSOME 60S,
