2021-01-19 17:41:18.592942	https://www.encodeproject.org/report/?type=Experiment&status=released&perturbed=false&assay_title=polyA+plus+RNA-seq&replicates.library.biosample.donor.organism.scientific_name=Homo+sapiens&biosample_ontology.classification=cell+line&lab.title=Thomas+Gingeras%2C+CSHL&award.rfa=ENCODE2&biosample_ontology.term_name%21=AG04450&biosample_ontology.term_name%21=BJ&limit=all
ID	Accession	Assay name	Assay title	Target of assay	Target gene symbol	Biosample summary	Biosample term name	Dbxrefs	Description	Lab	Project	Status	Files	Related series	Biosample accession	Biological replicate	Technical replicate	Linked antibody	Organism	Life stage	Biosample age	Biosample treatment	Biosample treatment ontology ID	Biosample treatment concentration	Biosample treatment concentration units	Biosample treatment duration	Biosample treatment duration units	Synchronization	Post-synchronization time	Post-synchronization time units	Replicates
/experiments/ENCSR000CPR/	ENCSR000CPR	polyA plus RNA-seq	polyA plus RNA-seq			HeLa-S3	HeLa-S3	UCSC-ENCODE-hg19:wgEncodeEH000173,GEO-obsolete:GSM765402,GEO:GSE86661	The libraries contained in this experiment come from the whole cell fraction of independent growths of cell line HeLa-S3. They are stranded PE76 Illumina GAIIx RNA-Seq libraries from rRNA-depleted Poly-A+ RNA > 200 nucleotides in size.	Thomas Gingeras, CSHL	ENCODE	released	/files/ENCFF000FNR/,/files/ENCFF000FNS/,/files/ENCFF000FNV/,/files/ENCFF000FNX/,/files/ENCFF000FNY/,/files/ENCFF000FNZ/,/files/ENCFF000FOB/,/files/ENCFF000FOD/,/files/ENCFF000FOF/,/files/ENCFF000FOG/,/files/ENCFF000FOH/,/files/ENCFF000FOI/,/files/ENCFF000FOJ/,/files/ENCFF000FOK/,/files/ENCFF000FOM/,/files/ENCFF000FOR/,/files/ENCFF000FOT/,/files/ENCFF000FOU/,/files/ENCFF000FOV/,/files/ENCFF000FOY/,/files/ENCFF813RQV/,/files/ENCFF003NDD/,/files/ENCFF232XIU/,/files/ENCFF140QTF/,/files/ENCFF343WEZ/,/files/ENCFF472LOR/,/files/ENCFF444SCT/,/files/ENCFF593HLF/,/files/ENCFF708WFZ/,/files/ENCFF002UDV/,/files/ENCFF888RWB/,/files/ENCFF215QKM/,/files/ENCFF217HQT/,/files/ENCFF464FJD/,/files/ENCFF204XCP/,/files/ENCFF606DCQ/,/files/ENCFF374XNK/,/files/ENCFF796REI/,/files/ENCFF846THO/,/files/ENCFF633MSQ/,/files/ENCFF911ARS/,/files/ENCFF566KDK/,/files/ENCFF485AHM/,/files/ENCFF123ABH/,/files/ENCFF915XWV/,/files/ENCFF084ARU/,/files/ENCFF583NXJ/,/files/ENCFF108QPO/,/files/ENCFF727PBY/,/files/ENCFF096PCK/,/files/ENCFF326BGL/,/files/ENCFF333OGE/,/files/ENCFF622JEX/,/files/ENCFF722TFN/,/files/ENCFF918VIE/,/files/ENCFF855ALP/	/reference-epigenomes/ENCSR068MRQ/,/reference-epigenomes/ENCSR043WJN/	ENCBS737AAA,ENCBS740AAA	1,2	1		Homo sapiens	adult	31 years										/replicates/d2ed25c0-406c-461d-bf8b-ea5b9dfdba1b/,/replicates/068cb4c7-e825-4c85-bc48-ddb2db6bff24/
/experiments/ENCSR000CPH/	ENCSR000CPH	polyA plus RNA-seq	polyA plus RNA-seq			K562	K562	GEO-obsolete:GSM765405,UCSC-ENCODE-hg19:wgEncodeEH000163,GEO:GSE86660	The libraries contained in this experiment come from the whole cell fraction of independent growths of cell line K562. They are stranded PE76 Illumina GAIIx RNA-Seq libraries from rRNA-depleted Poly-A+ RNA > 200 nucleotides in size.	Thomas Gingeras, CSHL	ENCODE	released	/files/ENCFF000HEM/,/files/ENCFF000HEN/,/files/ENCFF000HEP/,/files/ENCFF000HES/,/files/ENCFF000HET/,/files/ENCFF000HEU/,/files/ENCFF000HEW/,/files/ENCFF000HEY/,/files/ENCFF000HFA/,/files/ENCFF000HFB/,/files/ENCFF000HFC/,/files/ENCFF000HFD/,/files/ENCFF000HFE/,/files/ENCFF000HFF/,/files/ENCFF000HFG/,/files/ENCFF000HFH/,/files/ENCFF000HFN/,/files/ENCFF000HFP/,/files/ENCFF000HFR/,/files/ENCFF000HFY/,/files/ENCFF466ACS/,/files/ENCFF010QCZ/,/files/ENCFF086YBD/,/files/ENCFF307DPW/,/files/ENCFF048ODN/,/files/ENCFF548QZZ/,/files/ENCFF381BQZ/,/files/ENCFF424NMS/,/files/ENCFF283JFB/,/files/ENCFF810RNF/,/files/ENCFF217OIL/,/files/ENCFF595AKW/,/files/ENCFF736ESJ/,/files/ENCFF261DSR/,/files/ENCFF172GIN/,/files/ENCFF489FRZ/,/files/ENCFF764GTR/,/files/ENCFF339YOE/,/files/ENCFF873MZI/,/files/ENCFF768TKT/,/files/ENCFF636QII/,/files/ENCFF445KRO/,/files/ENCFF486POD/,/files/ENCFF579EUB/,/files/ENCFF960DJT/,/files/ENCFF810WXF/,/files/ENCFF288BXY/,/files/ENCFF853QUL/,/files/ENCFF039CTL/,/files/ENCFF511CNS/,/files/ENCFF004LGY/,/files/ENCFF828DSC/,/files/ENCFF685XTJ/,/files/ENCFF809GEF/,/files/ENCFF880RYD/,/files/ENCFF222NCB/	/reference-epigenomes/ENCSR532GIR/	ENCBS726AAA,ENCBS723AAA	2,1	1		Homo sapiens	adult	53 years										/replicates/1867246c-c621-402f-a6d9-9c07a10e1ff2/,/replicates/66c3310c-80ff-434d-a925-38f9458f4d3f/
/experiments/ENCSR000CTU/	ENCSR000CTU	polyA plus RNA-seq	polyA plus RNA-seq			MCF-7 cytosolic fraction	MCF-7	GEO:GSE90267,GEO-obsolete:GSM981252,UCSC-ENCODE-hg19:wgEncodeEH002633	The libraries contained in this experiment come from the cytoplasmic fraction of independent growths of cell line MCF-7. They are stranded PE101 Illumina Hi-Seq RNA-Seq libraries from rRNA-depleted Poly-A+ RNA > 200 nucleotides in size.	Thomas Gingeras, CSHL	ENCODE	released	/files/ENCFF000HRC/,/files/ENCFF000HRD/,/files/ENCFF000HRF/,/files/ENCFF000HRI/,/files/ENCFF000HRJ/,/files/ENCFF000HRK/,/files/ENCFF000HRM/,/files/ENCFF000HRO/,/files/ENCFF000HRP/,/files/ENCFF000HRQ/,/files/ENCFF000HRR/,/files/ENCFF000HRS/,/files/ENCFF000HRX/,/files/ENCFF000HRZ/,/files/ENCFF000HSB/,/files/ENCFF000HSC/,/files/ENCFF000HSI/,/files/ENCFF000HSK/,/files/ENCFF114NGL/,/files/ENCFF049GLP/,/files/ENCFF727ALJ/,/files/ENCFF467SKY/,/files/ENCFF970XRB/,/files/ENCFF119QRF/,/files/ENCFF772WOE/,/files/ENCFF413FTU/,/files/ENCFF629VUS/,/files/ENCFF445ZHB/,/files/ENCFF735KNS/,/files/ENCFF256SSJ/,/files/ENCFF098GEJ/,/files/ENCFF114FOU/,/files/ENCFF811SNP/,/files/ENCFF239QNY/,/files/ENCFF524CRR/,/files/ENCFF670XEO/,/files/ENCFF380FNC/,/files/ENCFF411GPI/,/files/ENCFF371XCS/,/files/ENCFF291PLJ/,/files/ENCFF171IJF/,/files/ENCFF114HAE/,/files/ENCFF361ERW/,/files/ENCFF082HJD/,/files/ENCFF844NGR/,/files/ENCFF605FUX/,/files/ENCFF752RDB/,/files/ENCFF234ZDS/,/files/ENCFF759DHX/,/files/ENCFF552RTD/,/files/ENCFF175OYE/,/files/ENCFF218LUU/,/files/ENCFF336TSW/		ENCBS103ENC,ENCBS581MUA	3,4	1		Homo sapiens	adult	69 years										/replicates/35f530b6-bf55-4151-9974-204a66c52f7d/,/replicates/bc80ed59-c549-4197-9954-1c3582f8a431/
/experiments/ENCSR000CPP/	ENCSR000CPP	polyA plus RNA-seq	polyA plus RNA-seq			HeLa-S3 cytosolic fraction	HeLa-S3	UCSC-ENCODE-hg19:wgEncodeEH000171,GEO-obsolete:GSM765404,GEO:GSE90234	The libraries contained in this experiment come from the cytoplasmic fraction of independent growths of cell line HeLa-S3. They are stranded PE76 Illumina GAIIx RNA-Seq libraries from rRNA-depleted Poly-A+ RNA > 200 nucleotides in size.	Thomas Gingeras, CSHL	ENCODE	released	/files/ENCFF000FPQ/,/files/ENCFF000FPR/,/files/ENCFF000FPT/,/files/ENCFF000FPX/,/files/ENCFF000FPY/,/files/ENCFF000FPZ/,/files/ENCFF000FQB/,/files/ENCFF000FQD/,/files/ENCFF000FQF/,/files/ENCFF000FQG/,/files/ENCFF000FQH/,/files/ENCFF000FQI/,/files/ENCFF000FQJ/,/files/ENCFF000FQK/,/files/ENCFF000FQP/,/files/ENCFF000FQR/,/files/ENCFF000FQT/,/files/ENCFF000FQV/,/files/ENCFF000FQW/,/files/ENCFF000FQX/,/files/ENCFF824XTZ/,/files/ENCFF345GCI/,/files/ENCFF713QGI/,/files/ENCFF751UFW/,/files/ENCFF669WNQ/,/files/ENCFF558UTR/,/files/ENCFF663CMD/,/files/ENCFF321OWM/,/files/ENCFF544WTA/,/files/ENCFF416DAS/,/files/ENCFF543RAX/,/files/ENCFF483AMU/,/files/ENCFF234QMX/,/files/ENCFF639KVE/,/files/ENCFF698NWH/,/files/ENCFF725YPF/,/files/ENCFF010RHX/,/files/ENCFF206NFZ/,/files/ENCFF968JQO/,/files/ENCFF839EEY/,/files/ENCFF559MUJ/,/files/ENCFF381TGC/,/files/ENCFF283WWI/,/files/ENCFF065WSC/,/files/ENCFF560XKI/,/files/ENCFF427PQA/,/files/ENCFF512TVV/,/files/ENCFF907BGC/,/files/ENCFF340XHG/,/files/ENCFF741PMX/,/files/ENCFF468CGL/,/files/ENCFF024XNW/,/files/ENCFF777JPE/,/files/ENCFF485SDJ/,/files/ENCFF514QCL/,/files/ENCFF089OLG/		ENCBS735AAA,ENCBS738AAA	1,2	1		Homo sapiens	adult	31 years										/replicates/44c349b7-c9a4-4da1-af00-a81bd9d214b3/,/replicates/2207ff3d-2c80-4f7e-afe6-f9f12973086e/
/experiments/ENCSR000CTP/	ENCSR000CTP	polyA plus RNA-seq	polyA plus RNA-seq			IMR-90 nuclear fraction	IMR-90	GEO-obsolete:GSM981248,GEO:GSE90262,UCSC-ENCODE-hg19:wgEncodeEH002628	The libraries contained in this experiment come from lung fibroblasts primary nuclear extracts, IMR90. They are stranded PE101 Illumina Hi-Seq RNA-Seq libraries from rRNA-depleted Poly-A+ RNA > 200 nucleotides in size.	Thomas Gingeras, CSHL	ENCODE	released	/files/ENCFF000HCD/,/files/ENCFF000HCE/,/files/ENCFF000HCG/,/files/ENCFF000HCK/,/files/ENCFF000HCL/,/files/ENCFF000HCM/,/files/ENCFF000HCO/,/files/ENCFF000HCQ/,/files/ENCFF000HCR/,/files/ENCFF000HCS/,/files/ENCFF000HCT/,/files/ENCFF000HCU/,/files/ENCFF000HCZ/,/files/ENCFF000HDB/,/files/ENCFF000HDD/,/files/ENCFF000HDE/,/files/ENCFF000HDF/,/files/ENCFF000HDH/,/files/ENCFF827MMA/,/files/ENCFF547MMQ/,/files/ENCFF993LUL/,/files/ENCFF625ZXO/,/files/ENCFF722YBT/,/files/ENCFF967ORN/,/files/ENCFF389MML/,/files/ENCFF354NLX/,/files/ENCFF806PAK/,/files/ENCFF048SHC/,/files/ENCFF610QGV/,/files/ENCFF511DNY/,/files/ENCFF817SCX/,/files/ENCFF533LCH/,/files/ENCFF158LEU/,/files/ENCFF856QBA/,/files/ENCFF488WVF/,/files/ENCFF494GGM/,/files/ENCFF737DLC/,/files/ENCFF536SZK/,/files/ENCFF407YJR/,/files/ENCFF086PDO/,/files/ENCFF243ZOZ/,/files/ENCFF614WCI/,/files/ENCFF949QJO/,/files/ENCFF109SSA/,/files/ENCFF143VWX/,/files/ENCFF143IZX/,/files/ENCFF929FQA/,/files/ENCFF175VUI/,/files/ENCFF387MUW/,/files/ENCFF655YHY/,/files/ENCFF694APR/,/files/ENCFF867AML/,/files/ENCFF891GCO/,/files/ENCFF652GBD/		ENCBS372ENC,ENCBS369ENC	2,1	1		Homo sapiens	embryonic	16 weeks										/replicates/7bebe13c-82ed-4ff9-99cd-391a2b1ac7d1/,/replicates/fe33a02c-9a80-448e-b151-2db188bab5d4/
/experiments/ENCSR000CPO/	ENCSR000CPO	polyA plus RNA-seq	polyA plus RNA-seq			GM12878 nuclear fraction	GM12878	GEO:GSE90233,UCSC-ENCODE-hg19:wgEncodeEH000170,GEO-obsolete:GSM765386	The libraries contained in this experiment come from the nuclear fraction of independent growths of cell line GM12878. They are stranded PE76 Illumina GAIIx RNA-Seq libraries from rRNA-depleted Poly-A+ RNA > 200 nucleotides in size.	Thomas Gingeras, CSHL	ENCODE	released	/files/ENCFF000FBN/,/files/ENCFF000FBO/,/files/ENCFF000FBQ/,/files/ENCFF000FBU/,/files/ENCFF000FBV/,/files/ENCFF000FBY/,/files/ENCFF000FCA/,/files/ENCFF000FCC/,/files/ENCFF000FCD/,/files/ENCFF000FCE/,/files/ENCFF000FCF/,/files/ENCFF000FCG/,/files/ENCFF000FCH/,/files/ENCFF000FCI/,/files/ENCFF000FCK/,/files/ENCFF000FCP/,/files/ENCFF000FCS/,/files/ENCFF000FCU/,/files/ENCFF793IMP/,/files/ENCFF507EBQ/,/files/ENCFF502ONK/,/files/ENCFF022ZYI/,/files/ENCFF792WWC/,/files/ENCFF914PEL/,/files/ENCFF436YHS/,/files/ENCFF919YCT/,/files/ENCFF037FDN/,/files/ENCFF357JET/,/files/ENCFF941AFX/,/files/ENCFF220GMN/,/files/ENCFF706PUQ/,/files/ENCFF478UPT/,/files/ENCFF937XYF/,/files/ENCFF995GJP/,/files/ENCFF565TFI/,/files/ENCFF419OPI/,/files/ENCFF524AJX/,/files/ENCFF855QDI/,/files/ENCFF009TYW/,/files/ENCFF312RXW/,/files/ENCFF149PXU/,/files/ENCFF038HHR/,/files/ENCFF636BUU/,/files/ENCFF121WAL/,/files/ENCFF572JQA/,/files/ENCFF166XDZ/,/files/ENCFF613JUB/,/files/ENCFF862GCF/,/files/ENCFF916EOE/,/files/ENCFF169VLS/,/files/ENCFF296FFD/,/files/ENCFF992YZP/,/files/ENCFF808TVA/,/files/ENCFF409NZL/		ENCBS728AAA,ENCBS730AAA	1,2	1		Homo sapiens	adult											/replicates/62cb96be-3984-4f61-972f-3f7c8419d0f2/,/replicates/b993c822-c1eb-44be-bffe-be9c1d5730ad/
/experiments/ENCSR000COW/	ENCSR000COW	polyA plus RNA-seq	polyA plus RNA-seq			H1 nuclear fraction	H1	UCSC-ENCODE-hg19:wgEncodeEH000152,GEO-obsolete:GSM758574,GEO:GSE90227	The libraries contained in this experiment come from the nuclear fraction of independent growths of the human embryonic stem cell line H1-hESC. They are stranded PE76 Illumina GAIIx RNA-Seq libraries from rRNA-depleted Poly-A+ RNA > 200 nucleotides in size.	Thomas Gingeras, CSHL	ENCODE	released	/files/ENCFF000FIG/,/files/ENCFF000FIH/,/files/ENCFF000FIK/,/files/ENCFF000FIO/,/files/ENCFF000FIP/,/files/ENCFF000FIR/,/files/ENCFF000FIT/,/files/ENCFF000FIU/,/files/ENCFF000FIV/,/files/ENCFF000FIW/,/files/ENCFF000FJA/,/files/ENCFF000FJC/,/files/ENCFF000FJD/,/files/ENCFF000FJF/,/files/ENCFF000FJG/,/files/ENCFF303YSK/,/files/ENCFF978QQZ/,/files/ENCFF695QNY/,/files/ENCFF099COQ/,/files/ENCFF421KRN/,/files/ENCFF852FFP/,/files/ENCFF486FJM/,/files/ENCFF113KSS/,/files/ENCFF531NGR/,/files/ENCFF107MMF/,/files/ENCFF285MOL/,/files/ENCFF358WMF/,/files/ENCFF661GUD/,/files/ENCFF760CXR/,/files/ENCFF974BUL/,/files/ENCFF723FJC/,/files/ENCFF572ZAC/,/files/ENCFF809USL/,/files/ENCFF775NUL/		ENCBS733AAA	2	1		Homo sapiens	embryonic											/replicates/2a91f6dc-46e3-448c-81b6-cf5412371da2/
/experiments/ENCSR000CPT/	ENCSR000CPT	polyA plus RNA-seq	polyA plus RNA-seq			MCF-7	MCF-7	GEO-obsolete:GSM765388,UCSC-ENCODE-hg19:wgEncodeEH000175,GEO:GSE90237	The libraries contained in this experiment come from the whole cell fraction of independent growths of cell line MCF-7. They are stranded PE76 Illumina GAIIx RNA-Seq libraries from rRNA-depleted Poly-A+ RNA > 200 nucleotides in size.	Thomas Gingeras, CSHL	ENCODE	released	/files/ENCFF000HPX/,/files/ENCFF000HPZ/,/files/ENCFF000HQB/,/files/ENCFF000HQC/,/files/ENCFF000HQD/,/files/ENCFF000HQE/,/files/ENCFF000HQG/,/files/ENCFF000HQI/,/files/ENCFF000HQK/,/files/ENCFF000HQL/,/files/ENCFF000HQM/,/files/ENCFF000HQN/,/files/ENCFF000HQO/,/files/ENCFF000HQP/,/files/ENCFF000HQQ/,/files/ENCFF000HQR/,/files/ENCFF000HQX/,/files/ENCFF000HQZ/,/files/ENCFF000HRB/,/files/ENCFF000HRH/,/files/ENCFF599LZP/,/files/ENCFF493HTF/,/files/ENCFF395XHR/,/files/ENCFF367VEP/,/files/ENCFF759JTH/,/files/ENCFF983FHE/,/files/ENCFF434HZH/,/files/ENCFF597ZQO/,/files/ENCFF763AIV/,/files/ENCFF634YNV/,/files/ENCFF917WJY/,/files/ENCFF486JGQ/,/files/ENCFF687BPU/,/files/ENCFF078ICX/,/files/ENCFF735QLM/,/files/ENCFF009GDJ/,/files/ENCFF545QOG/,/files/ENCFF885LEQ/,/files/ENCFF605SMQ/,/files/ENCFF712EIK/,/files/ENCFF937RFB/,/files/ENCFF386NBC/,/files/ENCFF469IXE/,/files/ENCFF804CPS/,/files/ENCFF064XNS/,/files/ENCFF084SDJ/,/files/ENCFF818DVU/,/files/ENCFF456OYZ/,/files/ENCFF600XIK/,/files/ENCFF675DGF/,/files/ENCFF855RVP/,/files/ENCFF688XYH/,/files/ENCFF317XCR/,/files/ENCFF057ITQ/,/files/ENCFF985KJE/	/reference-epigenomes/ENCSR247DVY/	ENCBS567IJO,ENCBS102ENC	2,1	1		Homo sapiens	adult	69 years										/replicates/ee1fd581-2588-4966-90c2-eb0db7ffaf80/,/replicates/8f405918-af31-4fe0-aa3f-561827fb8a6f/
/experiments/ENCSR000CPF/	ENCSR000CPF	polyA plus RNA-seq	polyA plus RNA-seq			HepG2 cytosolic fraction	HepG2	GEO:GSE90230,GEO-obsolete:GSM758576,UCSC-ENCODE-hg19:wgEncodeEH000161	The libraries contained in this experiment come from the cytoplasmic fraction of independent growths of cell line HepG2. They are stranded PE76 Illumina GAIIx RNA-Seq libraries from rRNA-depleted Poly-A+ RNA > 200 nucleotides in size.	Thomas Gingeras, CSHL	ENCODE	released	/files/ENCFF000FXB/,/files/ENCFF000FXC/,/files/ENCFF000FXF/,/files/ENCFF000FXH/,/files/ENCFF000FXI/,/files/ENCFF000FXJ/,/files/ENCFF000FXL/,/files/ENCFF000FXN/,/files/ENCFF000FXP/,/files/ENCFF000FXQ/,/files/ENCFF000FXR/,/files/ENCFF000FXS/,/files/ENCFF000FXT/,/files/ENCFF000FXU/,/files/ENCFF000FXZ/,/files/ENCFF000FYB/,/files/ENCFF000FYD/,/files/ENCFF000FYF/,/files/ENCFF000FYG/,/files/ENCFF000FYH/,/files/ENCFF436UBV/,/files/ENCFF710VUO/,/files/ENCFF555OGQ/,/files/ENCFF580HLO/,/files/ENCFF010CUP/,/files/ENCFF049HPY/,/files/ENCFF337WTM/,/files/ENCFF496SPE/,/files/ENCFF788OGC/,/files/ENCFF984FWJ/,/files/ENCFF854NGL/,/files/ENCFF960UEY/,/files/ENCFF470KWW/,/files/ENCFF331EJC/,/files/ENCFF308XEY/,/files/ENCFF114UMF/,/files/ENCFF665HII/,/files/ENCFF458OHS/,/files/ENCFF095FZS/,/files/ENCFF226LQB/,/files/ENCFF887ZOX/,/files/ENCFF761KMV/,/files/ENCFF280XOG/,/files/ENCFF570VIO/,/files/ENCFF653WBF/,/files/ENCFF861XVP/,/files/ENCFF408NPJ/,/files/ENCFF162PBS/,/files/ENCFF962SFB/,/files/ENCFF367MAS/,/files/ENCFF356COQ/,/files/ENCFF163HKL/,/files/ENCFF909ZOH/,/files/ENCFF513CFH/,/files/ENCFF813PCW/,/files/ENCFF559ZLC/		ENCBS741AAA,ENCBS744AAA	1,2	1		Homo sapiens	child	15 years										/replicates/6c92c5a7-0b8f-47a6-bb53-38e6d7a6cf06/,/replicates/663b0bb3-f9e4-46cb-9715-4f9a5b7cc883/
/experiments/ENCSR000CPE/	ENCSR000CPE	polyA plus RNA-seq	polyA plus RNA-seq			HepG2	HepG2	UCSC-ENCODE-hg19:wgEncodeEH000160,GEO-obsolete:GSM758575,GEO:GSE86659	The libraries contained in this experiment come from the whole cell fraction of independent growths of cell line HepG2. They are stranded PE76 Illumina GAIIx RNA-Seq libraries from rRNA-depleted Poly-A+ RNA > 200 nucleotides in size.	Thomas Gingeras, CSHL	ENCODE	released	/files/ENCFF000FUP/,/files/ENCFF000FUQ/,/files/ENCFF000FUT/,/files/ENCFF000FUV/,/files/ENCFF000FUW/,/files/ENCFF000FUX/,/files/ENCFF000FUZ/,/files/ENCFF000FVB/,/files/ENCFF000FVD/,/files/ENCFF000FVE/,/files/ENCFF000FVF/,/files/ENCFF000FVG/,/files/ENCFF000FVH/,/files/ENCFF000FVI/,/files/ENCFF000FVN/,/files/ENCFF000FVP/,/files/ENCFF000FVR/,/files/ENCFF000FVT/,/files/ENCFF000FVU/,/files/ENCFF000FVV/,/files/ENCFF391EQD/,/files/ENCFF776YNP/,/files/ENCFF911LPT/,/files/ENCFF905CEG/,/files/ENCFF315VHI/,/files/ENCFF572BGQ/,/files/ENCFF834ITU/,/files/ENCFF701JPU/,/files/ENCFF503HOQ/,/files/ENCFF445YHW/,/files/ENCFF905XDU/,/files/ENCFF204UGJ/,/files/ENCFF004HYK/,/files/ENCFF578JPC/,/files/ENCFF359SDV/,/files/ENCFF729TXQ/,/files/ENCFF341XWL/,/files/ENCFF550UHD/,/files/ENCFF490JNL/,/files/ENCFF401KRE/,/files/ENCFF670LIE/,/files/ENCFF210ZCU/,/files/ENCFF074BOV/,/files/ENCFF831NQH/,/files/ENCFF596ILM/,/files/ENCFF490GVX/,/files/ENCFF662LGS/,/files/ENCFF135AVC/,/files/ENCFF448MDA/,/files/ENCFF886TFK/,/files/ENCFF464SJB/,/files/ENCFF417XQT/,/files/ENCFF173HKC/,/files/ENCFF814SRY/,/files/ENCFF309AYC/,/files/ENCFF470SFV/	/reference-epigenomes/ENCSR134DWG/	ENCBS746AAA,ENCBS743AAA	2,1	1		Homo sapiens	child	15 years										/replicates/980de542-8827-4b84-866a-687cbd9198c7/,/replicates/1f9e04c0-b3ed-47f9-bced-a5bc6bda0fee/
/experiments/ENCSR000CTL/	ENCSR000CTL	polyA plus RNA-seq	polyA plus RNA-seq			A549 cytosolic fraction	A549	GEO:GSE90258,UCSC-ENCODE-hg19:wgEncodeEH002624,GEO-obsolete:GSM981246	The libraries contained in this experiment come from the cytoplasmic fraction of independent growths of cell line A549. They are stranded PE76 Illumina GAIIx RNA-Seq libraries from rRNA-depleted Poly-A+ RNA > 200 nucleotides in size.	Thomas Gingeras, CSHL	ENCODE	released	/files/ENCFF000EJX/,/files/ENCFF000EJY/,/files/ENCFF000EKA/,/files/ENCFF000EKD/,/files/ENCFF000EKE/,/files/ENCFF000EKF/,/files/ENCFF000EKH/,/files/ENCFF000EKJ/,/files/ENCFF000EKK/,/files/ENCFF000EKL/,/files/ENCFF000EKM/,/files/ENCFF000EKN/,/files/ENCFF000EKS/,/files/ENCFF000EKU/,/files/ENCFF000EKW/,/files/ENCFF000EKX/,/files/ENCFF000ELC/,/files/ENCFF000ELF/,/files/ENCFF279OJM/,/files/ENCFF216NGM/,/files/ENCFF263XIE/,/files/ENCFF733BVI/,/files/ENCFF199RWC/,/files/ENCFF332OXP/,/files/ENCFF332LCM/,/files/ENCFF226DXX/,/files/ENCFF557AXG/,/files/ENCFF180DCY/,/files/ENCFF840ACW/,/files/ENCFF687YKM/,/files/ENCFF697XLG/,/files/ENCFF082YZL/,/files/ENCFF847LDU/,/files/ENCFF323FBW/,/files/ENCFF088UMU/,/files/ENCFF113IKA/,/files/ENCFF829SRM/,/files/ENCFF427BEC/,/files/ENCFF843QFF/,/files/ENCFF973HKI/,/files/ENCFF535DVV/,/files/ENCFF290MKO/,/files/ENCFF352OFM/,/files/ENCFF612ATT/,/files/ENCFF494SQH/,/files/ENCFF965HMU/,/files/ENCFF847UXL/,/files/ENCFF026MSU/,/files/ENCFF684ZUY/,/files/ENCFF648XGG/,/files/ENCFF025HXP/,/files/ENCFF908MNP/,/files/ENCFF622DCH/,/files/ENCFF181YNE/		ENCBS449ENC,ENCBS446ENC	4,3	1		Homo sapiens	adult	58 years										/replicates/e3dfd6ad-47da-48eb-bd6c-49e52c9a6f0e/,/replicates/40fb27ee-22da-445e-9caf-e6602e4c67e3/
/experiments/ENCSR000COU/	ENCSR000COU	polyA plus RNA-seq	polyA plus RNA-seq			H1	H1	UCSC-ENCODE-hg19:wgEncodeEH000150,GEO-obsolete:GSM758566,GEO:GSE90225	The libraries contained in this experiment come from the whole cell fraction of independent growths of the human embryonic stem cell line H1-hESC. They are stranded PE76 Illumina GAIIx RNA-Seq libraries from rRNA-depleted Poly-A+ RNA > 200 nucleotides in size.	Thomas Gingeras, CSHL	ENCODE	released	/files/ENCFF000FEA/,/files/ENCFF000FEB/,/files/ENCFF000FED/,/files/ENCFF000FEG/,/files/ENCFF000FEH/,/files/ENCFF000FEI/,/files/ENCFF000FEK/,/files/ENCFF000FEM/,/files/ENCFF000FEO/,/files/ENCFF000FEP/,/files/ENCFF000FEQ/,/files/ENCFF000FER/,/files/ENCFF000FES/,/files/ENCFF000FET/,/files/ENCFF000FEU/,/files/ENCFF000FFA/,/files/ENCFF000FFC/,/files/ENCFF000FFD/,/files/ENCFF000FFF/,/files/ENCFF000FFG/,/files/ENCFF098MNA/,/files/ENCFF873IIW/,/files/ENCFF184EAA/,/files/ENCFF519REB/,/files/ENCFF930QEC/,/files/ENCFF483XKV/,/files/ENCFF994XZH/,/files/ENCFF338NGO/,/files/ENCFF801APS/,/files/ENCFF142LNT/,/files/ENCFF090ABV/,/files/ENCFF485AOP/,/files/ENCFF959NLR/,/files/ENCFF249BQO/,/files/ENCFF479AZO/,/files/ENCFF829TDN/,/files/ENCFF653XHG/,/files/ENCFF978STQ/,/files/ENCFF915AUQ/,/files/ENCFF688NCF/,/files/ENCFF724HRY/,/files/ENCFF314XWH/,/files/ENCFF418CWB/,/files/ENCFF405ZMX/,/files/ENCFF713JAG/,/files/ENCFF359YHK/,/files/ENCFF354QYX/,/files/ENCFF824LWJ/,/files/ENCFF666RYN/,/files/ENCFF408YYZ/,/files/ENCFF587UUL/,/files/ENCFF436DNY/,/files/ENCFF045NOY/,/files/ENCFF459VDU/,/files/ENCFF662GOU/,/files/ENCFF334LZL/	/reference-epigenomes/ENCSR820QMS/	ENCBS734AAA,ENCBS731AAA	2,1	1		Homo sapiens	embryonic											/replicates/c9e78cf2-bf2c-437c-b889-c4e83e1a3f92/,/replicates/9a6b6b03-d376-4481-a9dd-a1bed21e9055/
/experiments/ENCSR000CTO/	ENCSR000CTO	polyA plus RNA-seq	polyA plus RNA-seq			MCF-7 nuclear fraction	MCF-7	UCSC-ENCODE-hg19:wgEncodeEH002627,GEO-obsolete:GSM981245,GEO:GSE90261	The libraries contained in this experiment come from the nuclear fraction of independent growths of cell line MCF-7. They are stranded PE101 Illumina Hi-Seq RNA-Seq libraries from rRNA-depleted Poly-A+ RNA > 200 nucleotides in size.	Thomas Gingeras, CSHL	ENCODE	released	/files/ENCFF000HSD/,/files/ENCFF000HSE/,/files/ENCFF000HSG/,/files/ENCFF000HSJ/,/files/ENCFF000HSL/,/files/ENCFF000HSM/,/files/ENCFF000HSO/,/files/ENCFF000HSQ/,/files/ENCFF000HSR/,/files/ENCFF000HSS/,/files/ENCFF000HST/,/files/ENCFF000HSU/,/files/ENCFF000HSZ/,/files/ENCFF000HTB/,/files/ENCFF000HTD/,/files/ENCFF000HTE/,/files/ENCFF000HVM/,/files/ENCFF000HVN/,/files/ENCFF217ZHK/,/files/ENCFF709FPN/,/files/ENCFF459CWW/,/files/ENCFF297LMM/,/files/ENCFF781NAF/,/files/ENCFF853CKX/,/files/ENCFF440BPT/,/files/ENCFF992DCM/,/files/ENCFF801ION/,/files/ENCFF363FRH/,/files/ENCFF424RQR/,/files/ENCFF285GOS/,/files/ENCFF786GTE/,/files/ENCFF570GWA/,/files/ENCFF476MYB/,/files/ENCFF656BHA/,/files/ENCFF063BLU/,/files/ENCFF762QTN/,/files/ENCFF285RQR/,/files/ENCFF609ZCR/,/files/ENCFF990BEG/,/files/ENCFF279MJM/,/files/ENCFF152MYK/,/files/ENCFF223OSI/,/files/ENCFF695SDB/,/files/ENCFF100JNQ/,/files/ENCFF124MQV/,/files/ENCFF319LXP/,/files/ENCFF566ZIF/,/files/ENCFF887HTA/,/files/ENCFF118FJX/,/files/ENCFF650HDJ/,/files/ENCFF238KCL/,/files/ENCFF402BDN/,/files/ENCFF592VIX/		ENCBS564FRY,ENCBS104ENC	4,3	1		Homo sapiens	adult	69 years										/replicates/e740cebf-258f-49bc-8592-0552e92ac9f1/,/replicates/60d9d5b8-9fb0-427c-8081-b034acbc91bd/
/experiments/ENCSR000CTS/	ENCSR000CTS	polyA plus RNA-seq	polyA plus RNA-seq			SK-N-SH nuclear fraction	SK-N-SH	UCSC-ENCODE-hg19:wgEncodeEH002631,GEO:GSE90265,GEO-obsolete:GSM981250	The libraries contained in this experiment come from the nuclear fraction of independent growths of cell line SK-N-SH. They are stranded PE101 Illumina Hi-Seq RNA-Seq libraries from rRNA-depleted Poly-A+ RNA > 200 nucleotides in size.	Thomas Gingeras, CSHL	ENCODE	released	/files/ENCFF000INO/,/files/ENCFF000INP/,/files/ENCFF000INR/,/files/ENCFF000INU/,/files/ENCFF000INW/,/files/ENCFF000INX/,/files/ENCFF000INZ/,/files/ENCFF000IOB/,/files/ENCFF000IOC/,/files/ENCFF000IOD/,/files/ENCFF000IOE/,/files/ENCFF000IOF/,/files/ENCFF000IOG/,/files/ENCFF000IOL/,/files/ENCFF000ION/,/files/ENCFF000IOP/,/files/ENCFF000IOQ/,/files/ENCFF000IPB/,/files/ENCFF326JLM/,/files/ENCFF243USH/,/files/ENCFF698PVY/,/files/ENCFF127TAG/,/files/ENCFF451RZZ/,/files/ENCFF198OEW/,/files/ENCFF988LAI/,/files/ENCFF083OWW/,/files/ENCFF211NYI/,/files/ENCFF119ZHN/,/files/ENCFF097QWK/,/files/ENCFF509GOK/,/files/ENCFF662SYJ/,/files/ENCFF902WBR/,/files/ENCFF257EIA/,/files/ENCFF822KRV/,/files/ENCFF135WUS/,/files/ENCFF094BKY/,/files/ENCFF845MXD/,/files/ENCFF796ZPO/,/files/ENCFF881ZXG/,/files/ENCFF824DRD/,/files/ENCFF479UNX/,/files/ENCFF437EUV/,/files/ENCFF657MNI/,/files/ENCFF500KNW/,/files/ENCFF829WCA/,/files/ENCFF231NUO/,/files/ENCFF105LKU/,/files/ENCFF985MEM/,/files/ENCFF141KLY/,/files/ENCFF581NMZ/,/files/ENCFF184XSD/,/files/ENCFF198OHW/,/files/ENCFF726NFD/,/files/ENCFF164PMU/		ENCBS361ENC,ENCBS364ENC	3,4	1		Homo sapiens	child	4 years										/replicates/e88dbf68-3b87-479d-b0a7-2ab51307b7e9/,/replicates/103858dd-f215-42d1-9e81-23ec513fa8d4/
/experiments/ENCSR000COK/	ENCSR000COK	polyA plus RNA-seq	polyA plus RNA-seq			K562 cytosolic fraction	K562	GEO-obsolete:GSM840137,GEO:GSE90220,UCSC-ENCODE-hg19:wgEncodeEH000140	The libraries contained in this experiment come from the cytoplasmic fraction of independent growths of cell line K562. They are stranded PE76 Illumina GAIIx RNA-Seq libraries from rRNA-depleted Poly-A+ RNA > 200 nucleotides in size.	Thomas Gingeras, CSHL	ENCODE	released	/files/ENCFF000HIL/,/files/ENCFF000HIM/,/files/ENCFF000HIO/,/files/ENCFF000HIS/,/files/ENCFF000HIT/,/files/ENCFF000HIU/,/files/ENCFF000HIW/,/files/ENCFF000HIY/,/files/ENCFF000HJA/,/files/ENCFF000HJB/,/files/ENCFF000HJC/,/files/ENCFF000HJD/,/files/ENCFF000HJE/,/files/ENCFF000HJF/,/files/ENCFF000HJK/,/files/ENCFF000HJM/,/files/ENCFF000HJO/,/files/ENCFF000HJP/,/files/ENCFF000HJW/,/files/ENCFF000HJX/,/files/ENCFF631VVQ/,/files/ENCFF983WUC/,/files/ENCFF895KGF/,/files/ENCFF408MFV/,/files/ENCFF402OQU/,/files/ENCFF042MCW/,/files/ENCFF008DWM/,/files/ENCFF149YKM/,/files/ENCFF488BLM/,/files/ENCFF443CRI/,/files/ENCFF648CHU/,/files/ENCFF863NXD/,/files/ENCFF762BMD/,/files/ENCFF763NCO/,/files/ENCFF075JYA/,/files/ENCFF973SNT/,/files/ENCFF901NRJ/,/files/ENCFF173OMZ/,/files/ENCFF465KDV/,/files/ENCFF778YBM/,/files/ENCFF890WWJ/,/files/ENCFF171NUG/,/files/ENCFF321CCY/,/files/ENCFF622SBL/,/files/ENCFF564VAG/,/files/ENCFF235XWW/,/files/ENCFF719HGL/,/files/ENCFF703RBO/,/files/ENCFF660PTV/,/files/ENCFF287DZK/,/files/ENCFF502VGM/,/files/ENCFF775ACF/,/files/ENCFF324CRF/,/files/ENCFF441ODM/,/files/ENCFF855SZE/,/files/ENCFF853OBQ/		ENCBS724AAA,ENCBS721AAA	2,1	1		Homo sapiens	adult	53 years										/replicates/1bd06083-93b7-4f46-8951-5cc5593cfbcb/,/replicates/36b75c98-89e0-44e0-b8d9-95edab14de9e/
/experiments/ENCSR000CTR/	ENCSR000CTR	polyA plus RNA-seq	polyA plus RNA-seq			SK-N-SH cytosolic fraction	SK-N-SH	UCSC-ENCODE-hg19:wgEncodeEH002630,GEO-obsolete:GSM981251,GEO:GSE90264	The libraries contained in this experiment come from the cytoplasmic fraction of independent growths of cell line SK-N-SH. They are stranded PE101 Illumina Hi-Seq RNA-Seq libraries from rRNA-depleted Poly-A+ RNA > 200 nucleotides in size.	Thomas Gingeras, CSHL	ENCODE	released	/files/ENCFF000IMM/,/files/ENCFF000IMN/,/files/ENCFF000IMP/,/files/ENCFF000IMT/,/files/ENCFF000IMU/,/files/ENCFF000IMV/,/files/ENCFF000IMX/,/files/ENCFF000IMZ/,/files/ENCFF000INA/,/files/ENCFF000INB/,/files/ENCFF000INC/,/files/ENCFF000IND/,/files/ENCFF000INI/,/files/ENCFF000INK/,/files/ENCFF000INM/,/files/ENCFF000INN/,/files/ENCFF000INT/,/files/ENCFF000INV/,/files/ENCFF952YPB/,/files/ENCFF765BOV/,/files/ENCFF404FGI/,/files/ENCFF766TSC/,/files/ENCFF563MJB/,/files/ENCFF813POH/,/files/ENCFF625RAV/,/files/ENCFF575FPI/,/files/ENCFF449LUO/,/files/ENCFF495XLI/,/files/ENCFF793IAI/,/files/ENCFF081DIY/,/files/ENCFF922SPG/,/files/ENCFF750CHB/,/files/ENCFF114AZM/,/files/ENCFF395VEZ/,/files/ENCFF011UBZ/,/files/ENCFF904KJL/,/files/ENCFF401USD/,/files/ENCFF563XUE/,/files/ENCFF919APF/,/files/ENCFF477LIE/,/files/ENCFF765MIZ/,/files/ENCFF516PTU/,/files/ENCFF264HZZ/,/files/ENCFF640CNJ/,/files/ENCFF929GRO/,/files/ENCFF451WDO/,/files/ENCFF646BZC/,/files/ENCFF229HXS/,/files/ENCFF239QWY/,/files/ENCFF264FBW/,/files/ENCFF376JXQ/,/files/ENCFF477IVW/,/files/ENCFF486BGS/,/files/ENCFF592KWR/		ENCBS360ENC,ENCBS363ENC	3,4	1		Homo sapiens	child	4 years										/replicates/b10a0ae6-1eee-4baf-b61f-237b2e9b2f93/,/replicates/52e9841c-8592-4c02-88e5-9d09811d1980/
/experiments/ENCSR000CPC/	ENCSR000CPC	polyA plus RNA-seq	polyA plus RNA-seq			HepG2 nuclear fraction	HepG2	GEO-obsolete:GSM758568,GEO:GSE90228,UCSC-ENCODE-hg19:wgEncodeEH000158	The libraries contained in this experiment come from the nuclear fraction of independent growths of cell line HepG2. They are stranded PE76 Illumina GAIIx RNA-Seq libraries from rRNA-depleted Poly-A+ RNA > 200 nucleotides in size.	Thomas Gingeras, CSHL	ENCODE	released	/files/ENCFF000FZM/,/files/ENCFF000FZN/,/files/ENCFF000FZP/,/files/ENCFF000FZT/,/files/ENCFF000FZU/,/files/ENCFF000FZV/,/files/ENCFF000FZX/,/files/ENCFF000FZZ/,/files/ENCFF000GAB/,/files/ENCFF000GAC/,/files/ENCFF000GAD/,/files/ENCFF000GAE/,/files/ENCFF000GAF/,/files/ENCFF000GAG/,/files/ENCFF000GAH/,/files/ENCFF000GAN/,/files/ENCFF000GAP/,/files/ENCFF000GAQ/,/files/ENCFF000GAS/,/files/ENCFF000GAT/,/files/ENCFF448VVC/,/files/ENCFF911GMU/,/files/ENCFF248OHY/,/files/ENCFF228JIT/,/files/ENCFF168NGI/,/files/ENCFF153JNH/,/files/ENCFF711DJN/,/files/ENCFF157DQZ/,/files/ENCFF775VDU/,/files/ENCFF198YDX/,/files/ENCFF939AAP/,/files/ENCFF238YJM/,/files/ENCFF184WJQ/,/files/ENCFF632OYR/,/files/ENCFF757ZCQ/,/files/ENCFF854UJM/,/files/ENCFF170ZWP/,/files/ENCFF267GGP/,/files/ENCFF141PVN/,/files/ENCFF609ENF/,/files/ENCFF148RNW/,/files/ENCFF737BQH/,/files/ENCFF064IOO/,/files/ENCFF491PXO/,/files/ENCFF334LEA/,/files/ENCFF261ZFC/,/files/ENCFF833PMG/,/files/ENCFF800VZV/,/files/ENCFF487TKD/,/files/ENCFF240QKS/,/files/ENCFF994PCU/,/files/ENCFF768ACH/,/files/ENCFF254WQK/,/files/ENCFF177JMA/,/files/ENCFF348GKJ/,/files/ENCFF765UDQ/		ENCBS742AAA,ENCBS745AAA	1,2	1		Homo sapiens	child	15 years										/replicates/4f34bc91-f241-485c-a931-9608316f557c/,/replicates/28c49e13-b982-4e9c-a63f-b06f39d605fa/
/experiments/ENCSR000CPS/	ENCSR000CPS	polyA plus RNA-seq	polyA plus RNA-seq			K562 nuclear fraction	K562	UCSC-ENCODE-hg19:wgEncodeEH000174,GEO:GSE90236,GEO-obsolete:GSM765387	The libraries contained in this experiment come from the nuclear fraction of independent growths of cell line K562. They are stranded PE76 Illumina GAIIx RNA-Seq libraries from rRNA-depleted Poly-A+ RNA > 200 nucleotides in size.	Thomas Gingeras, CSHL	ENCODE	released	/files/ENCFF000HNJ/,/files/ENCFF000HNK/,/files/ENCFF000HNM/,/files/ENCFF000HNQ/,/files/ENCFF000HNR/,/files/ENCFF000HNS/,/files/ENCFF000HNU/,/files/ENCFF000HNW/,/files/ENCFF000HNY/,/files/ENCFF000HNZ/,/files/ENCFF000HOA/,/files/ENCFF000HOB/,/files/ENCFF000HOC/,/files/ENCFF000HOD/,/files/ENCFF000HOE/,/files/ENCFF000HOF/,/files/ENCFF000HOL/,/files/ENCFF000HON/,/files/ENCFF000HOO/,/files/ENCFF000HOQ/,/files/ENCFF337HRQ/,/files/ENCFF431YWJ/,/files/ENCFF868APH/,/files/ENCFF897MXI/,/files/ENCFF371VJT/,/files/ENCFF800ADO/,/files/ENCFF216WEM/,/files/ENCFF469CHO/,/files/ENCFF810KCN/,/files/ENCFF650ZPW/,/files/ENCFF606SVO/,/files/ENCFF951MBG/,/files/ENCFF398ZRT/,/files/ENCFF268PEQ/,/files/ENCFF275PXR/,/files/ENCFF541BTS/,/files/ENCFF420CDK/,/files/ENCFF560XJW/,/files/ENCFF315ZPM/,/files/ENCFF154ZEW/,/files/ENCFF131JRU/,/files/ENCFF822RKP/,/files/ENCFF481JLI/,/files/ENCFF126QEZ/,/files/ENCFF868WHF/,/files/ENCFF717SIP/,/files/ENCFF551HQE/,/files/ENCFF820WYN/,/files/ENCFF227QHI/,/files/ENCFF939QHI/,/files/ENCFF212CKR/,/files/ENCFF289SWQ/,/files/ENCFF637XCH/,/files/ENCFF990IPB/,/files/ENCFF019SUY/,/files/ENCFF322HPV/		ENCBS722AAA,ENCBS725AAA	1,2	1		Homo sapiens	adult	53 years										/replicates/45fc12f0-b1db-44aa-bd80-fdfe0a3cffd8/,/replicates/77c640e3-cbe9-4590-8cdf-7d5433a4d40b/
/experiments/ENCSR000CPQ/	ENCSR000CPQ	polyA plus RNA-seq	polyA plus RNA-seq			HeLa-S3 nuclear fraction	HeLa-S3	GEO-obsolete:GSM765403,GEO:GSE90235,UCSC-ENCODE-hg19:wgEncodeEH000172	The libraries contained in this experiment come from the nuclear fraction of independent growths of cell line HeLa-S3. They are stranded PE76 Illumina GAIIx RNA-Seq libraries from rRNA-depleted Poly-A+ RNA > 200 nucleotides in size.	Thomas Gingeras, CSHL	ENCODE	released	/files/ENCFF000FSD/,/files/ENCFF000FSE/,/files/ENCFF000FSH/,/files/ENCFF000FSJ/,/files/ENCFF000FSK/,/files/ENCFF000FSL/,/files/ENCFF000FSN/,/files/ENCFF000FSP/,/files/ENCFF000FSR/,/files/ENCFF000FSS/,/files/ENCFF000FST/,/files/ENCFF000FSU/,/files/ENCFF000FSV/,/files/ENCFF000FSW/,/files/ENCFF000FTA/,/files/ENCFF000FTB/,/files/ENCFF000FTE/,/files/ENCFF000FTH/,/files/ENCFF000FTI/,/files/ENCFF000FTJ/,/files/ENCFF826QKM/,/files/ENCFF167PVT/,/files/ENCFF706ZCN/,/files/ENCFF761ICH/,/files/ENCFF494JXN/,/files/ENCFF685FZH/,/files/ENCFF508TLE/,/files/ENCFF199XVX/,/files/ENCFF568YHM/,/files/ENCFF460JDU/,/files/ENCFF679JAG/,/files/ENCFF313IJY/,/files/ENCFF271FWZ/,/files/ENCFF837DBG/,/files/ENCFF514TNR/,/files/ENCFF344HRY/,/files/ENCFF758YRG/,/files/ENCFF370ELY/,/files/ENCFF461AZR/,/files/ENCFF830TMY/,/files/ENCFF158RCK/,/files/ENCFF934SUM/,/files/ENCFF169ZTB/,/files/ENCFF272IWJ/,/files/ENCFF339OWA/,/files/ENCFF812VWB/,/files/ENCFF651BQF/,/files/ENCFF015IIP/,/files/ENCFF982WKL/,/files/ENCFF801BIT/,/files/ENCFF347UPN/,/files/ENCFF364LVU/,/files/ENCFF346JDS/,/files/ENCFF964OAC/,/files/ENCFF638MLA/,/files/ENCFF878CJF/		ENCBS736AAA,ENCBS739AAA	1,2	1		Homo sapiens	adult	31 years										/replicates/11122c08-2b22-4c3f-8b80-8a44aec570d6/,/replicates/196b865a-98bc-41e9-8da9-b8210354a502/
/experiments/ENCSR000CTQ/	ENCSR000CTQ	polyA plus RNA-seq	polyA plus RNA-seq			IMR-90	IMR-90	GEO-obsolete:GSM981249,GEO:GSE90263,UCSC-ENCODE-hg19:wgEncodeEH002629	RNA-seq on human IMR90 whole cell long polyA+ RNA	Thomas Gingeras, CSHL	ENCODE	released	/files/ENCFF000GYX/,/files/ENCFF000GYY/,/files/ENCFF000GZA/,/files/ENCFF000GZC/,/files/ENCFF000GZE/,/files/ENCFF000GZG/,/files/ENCFF000GZI/,/files/ENCFF000GZK/,/files/ENCFF000GZL/,/files/ENCFF000GZM/,/files/ENCFF000GZN/,/files/ENCFF000GZO/,/files/ENCFF000GZT/,/files/ENCFF000GZV/,/files/ENCFF000GZX/,/files/ENCFF000GZY/,/files/ENCFF000HAE/,/files/ENCFF000HAF/,/files/ENCFF614EDE/,/files/ENCFF391YQM/,/files/ENCFF978SYG/,/files/ENCFF271LRY/,/files/ENCFF826WWF/,/files/ENCFF289RTH/,/files/ENCFF121USN/,/files/ENCFF837VDN/,/files/ENCFF695APC/,/files/ENCFF350MBT/,/files/ENCFF078QTM/,/files/ENCFF322CEF/,/files/ENCFF586MCO/,/files/ENCFF224DRR/,/files/ENCFF896FUR/,/files/ENCFF303CRM/,/files/ENCFF737FUP/,/files/ENCFF244VME/,/files/ENCFF118OFK/,/files/ENCFF352SGC/,/files/ENCFF060SXP/,/files/ENCFF040WCV/,/files/ENCFF509CQU/,/files/ENCFF715LFJ/,/files/ENCFF998TKA/,/files/ENCFF524AVK/,/files/ENCFF715GOB/,/files/ENCFF428TNY/,/files/ENCFF165HTX/,/files/ENCFF228LFS/,/files/ENCFF232NDX/,/files/ENCFF097YKW/,/files/ENCFF053PCL/,/files/ENCFF480FTB/,/files/ENCFF588AJG/,/files/ENCFF037RBK/		ENCBS370ENC,ENCBS373ENC	1,2	1		Homo sapiens	embryonic	16 weeks										/replicates/82cb62e3-0d19-4eb8-89ba-0efd077c3570/,/replicates/0db42425-7541-4836-9632-7b8ed65c7352/
/experiments/ENCSR000COR/	ENCSR000COR	polyA plus RNA-seq	polyA plus RNA-seq			GM12878 cytosolic fraction	GM12878	GEO-obsolete:GSM758560,GEO:GSE90222,UCSC-ENCODE-hg19:wgEncodeEH000147	The libraries contained in this experiment come from the cytoplasmic fraction of independent growths of cell line GM12878. They are stranded PE76 Illumina GAIIx RNA-Seq libraries from rRNA-depleted Poly-A+ RNA > 200 nucleotides in size.	Thomas Gingeras, CSHL	ENCODE	released	/files/ENCFF000EYL/,/files/ENCFF000EYM/,/files/ENCFF000EYO/,/files/ENCFF000EYS/,/files/ENCFF000EYT/,/files/ENCFF000EYU/,/files/ENCFF000EYW/,/files/ENCFF000EYY/,/files/ENCFF000EZA/,/files/ENCFF000EZB/,/files/ENCFF000EZC/,/files/ENCFF000EZD/,/files/ENCFF000EZE/,/files/ENCFF000EZF/,/files/ENCFF000EZH/,/files/ENCFF000EZM/,/files/ENCFF000EZO/,/files/ENCFF000EZP/,/files/ENCFF000EZR/,/files/ENCFF000EZT/,/files/ENCFF770LHA/,/files/ENCFF048CCW/,/files/ENCFF409SGI/,/files/ENCFF088TNQ/,/files/ENCFF836AMM/,/files/ENCFF429HEG/,/files/ENCFF574ZPL/,/files/ENCFF374CQT/,/files/ENCFF559VAI/,/files/ENCFF694JRO/,/files/ENCFF067LUO/,/files/ENCFF229DFB/,/files/ENCFF628LOM/,/files/ENCFF772LPJ/,/files/ENCFF472AWW/,/files/ENCFF993WDW/,/files/ENCFF450MLQ/,/files/ENCFF009TYJ/,/files/ENCFF405GBJ/,/files/ENCFF308DIT/,/files/ENCFF705WOW/,/files/ENCFF877XUC/,/files/ENCFF367BKI/,/files/ENCFF209TQU/,/files/ENCFF188ARN/,/files/ENCFF798ICG/,/files/ENCFF730YMR/,/files/ENCFF873HFH/,/files/ENCFF491RXC/,/files/ENCFF252FQI/,/files/ENCFF878IQN/,/files/ENCFF450WUL/,/files/ENCFF545YHE/,/files/ENCFF190EHI/,/files/ENCFF774RER/,/files/ENCFF503QTG/		ENCBS727AAA,ENCBS729AAA	1,2	1		Homo sapiens	adult											/replicates/928cc16f-a080-4360-aaa4-f3abd1212749/,/replicates/6879d59d-1605-406b-9798-965f406b8d4b/
/experiments/ENCSR000COV/	ENCSR000COV	polyA plus RNA-seq	polyA plus RNA-seq			H1 cytosolic fraction	H1	UCSC-ENCODE-hg19:wgEncodeEH000151,GEO:GSE90226,GEO-obsolete:GSM758570	The libraries contained in this experiment come from the cytoplasmic fraction of independent growths of the human embryonic stem cell line H1-hESC. They are stranded PE76 Illumina GAIIx RNA-Seq libraries from rRNA-depleted Poly-A+ RNA > 200 nucleotides in size.	Thomas Gingeras, CSHL	ENCODE	released	/files/ENCFF000FGG/,/files/ENCFF000FGH/,/files/ENCFF000FGK/,/files/ENCFF000FGM/,/files/ENCFF000FGO/,/files/ENCFF000FGQ/,/files/ENCFF000FGS/,/files/ENCFF000FGT/,/files/ENCFF000FGU/,/files/ENCFF000FGV/,/files/ENCFF000FGY/,/files/ENCFF000FHA/,/files/ENCFF000FHC/,/files/ENCFF000FHG/,/files/ENCFF000FHH/,/files/ENCFF122THZ/,/files/ENCFF667JEB/,/files/ENCFF374MZX/,/files/ENCFF541ZBT/,/files/ENCFF406SBO/,/files/ENCFF051HWK/,/files/ENCFF438UMJ/,/files/ENCFF680CNJ/,/files/ENCFF791SYG/,/files/ENCFF132LTQ/,/files/ENCFF547OBF/,/files/ENCFF555UVP/,/files/ENCFF483GQD/,/files/ENCFF053AJX/,/files/ENCFF547VUH/,/files/ENCFF720MYJ/,/files/ENCFF384RPQ/,/files/ENCFF433BIF/,/files/ENCFF810LOV/		ENCBS732AAA	2	1		Homo sapiens	embryonic											/replicates/05612429-cb6e-42f7-8916-23e0d2ad25ab/
/experiments/ENCSR000COQ/	ENCSR000COQ	polyA plus RNA-seq	polyA plus RNA-seq			GM12878	GM12878	UCSC-ENCODE-hg19:wgEncodeEH000146,GEO-obsolete:GSM758559,GEO:GSE86658	The libraries contained in this experiment come from the whole cell fraction of independent growths of cell line GM12878. They are stranded PE76 Illumina GAIIx RNA-Seq libraries from rRNA-depleted Poly-A+ RNA > 200 nucleotides in size.	Thomas Gingeras, CSHL	ENCODE	released	/files/ENCFF000EVS/,/files/ENCFF000EVT/,/files/ENCFF000EVV/,/files/ENCFF000EVY/,/files/ENCFF000EVZ/,/files/ENCFF000EWA/,/files/ENCFF000EWC/,/files/ENCFF000EWE/,/files/ENCFF000EWG/,/files/ENCFF000EWH/,/files/ENCFF000EWI/,/files/ENCFF000EWJ/,/files/ENCFF000EWK/,/files/ENCFF000EWL/,/files/ENCFF000EWQ/,/files/ENCFF000EWS/,/files/ENCFF000EWU/,/files/ENCFF000EWW/,/files/ENCFF000EWX/,/files/ENCFF000EXE/,/files/ENCFF010ILO/,/files/ENCFF594FDI/,/files/ENCFF595AWE/,/files/ENCFF148TMK/,/files/ENCFF709IUX/,/files/ENCFF235OBA/,/files/ENCFF244ZQA/,/files/ENCFF923SVC/,/files/ENCFF572XNI/,/files/ENCFF427RDF/,/files/ENCFF484FHN/,/files/ENCFF996RRC/,/files/ENCFF835YHV/,/files/ENCFF119BMZ/,/files/ENCFF407IKD/,/files/ENCFF963PDI/,/files/ENCFF599JTV/,/files/ENCFF879KFK/,/files/ENCFF087ZDU/,/files/ENCFF121ZOP/,/files/ENCFF664VNB/,/files/ENCFF271YOW/,/files/ENCFF790WER/,/files/ENCFF862SIX/,/files/ENCFF995OHC/,/files/ENCFF889EEJ/,/files/ENCFF542PSV/,/files/ENCFF228RIC/,/files/ENCFF924NMN/,/files/ENCFF474NHZ/,/files/ENCFF673NHU/,/files/ENCFF214XXM/,/files/ENCFF585NXU/,/files/ENCFF766CPS/,/files/ENCFF587ALK/,/files/ENCFF571TKT/	/reference-epigenomes/ENCSR977QPF/	ENCBS095RNA,ENCBS096RNA	1,2	1		Homo sapiens	adult											/replicates/fc93e4f4-4366-454c-88ed-87fbff486cca/,/replicates/add060f6-bfcf-4f9b-b7ba-21f37ad9ac81/
/experiments/ENCSR000CTM/	ENCSR000CTM	polyA plus RNA-seq	polyA plus RNA-seq			A549 nuclear fraction	A549	UCSC-ENCODE-hg19:wgEncodeEH002625,GEO:GSE90259,GEO-obsolete:GSM981247	The libraries contained in this experiment come from the nuclear fraction of independent growths of cell line A549. They are stranded PE76 Illumina GAIIx RNA-Seq libraries from rRNA-depleted Poly-A+ RNA > 200 nucleotides in size.	Thomas Gingeras, CSHL	ENCODE	released	/files/ENCFF000EKZ/,/files/ENCFF000EKY/,/files/ENCFF000ELB/,/files/ENCFF000ELE/,/files/ENCFF000ELG/,/files/ENCFF000ELH/,/files/ENCFF000ELJ/,/files/ENCFF000ELL/,/files/ENCFF000ELM/,/files/ENCFF000ELN/,/files/ENCFF000ELO/,/files/ENCFF000ELP/,/files/ENCFF000ELQ/,/files/ENCFF000ELV/,/files/ENCFF000ELX/,/files/ENCFF000EMA/,/files/ENCFF000EMB/,/files/ENCFF000EMD/,/files/ENCFF505ZVD/,/files/ENCFF976KRD/,/files/ENCFF986TVP/,/files/ENCFF795OUL/,/files/ENCFF715LZW/,/files/ENCFF208MUX/,/files/ENCFF257FKP/,/files/ENCFF819LQD/,/files/ENCFF403GIG/,/files/ENCFF513HBQ/,/files/ENCFF405QHV/,/files/ENCFF541KWM/,/files/ENCFF196ERN/,/files/ENCFF437YJO/,/files/ENCFF744VCO/,/files/ENCFF407SZF/,/files/ENCFF124UPI/,/files/ENCFF726SXI/,/files/ENCFF853JHY/,/files/ENCFF919JBU/,/files/ENCFF597WRW/,/files/ENCFF407UDJ/,/files/ENCFF654ZQH/,/files/ENCFF279DAC/,/files/ENCFF505GJJ/,/files/ENCFF729MGT/,/files/ENCFF960KVD/,/files/ENCFF376QTI/,/files/ENCFF054SLA/,/files/ENCFF630HJD/,/files/ENCFF076MEM/,/files/ENCFF887BBP/,/files/ENCFF680RZU/,/files/ENCFF577LFK/,/files/ENCFF492OGP/,/files/ENCFF578YTC/		ENCBS447ENC,ENCBS450ENC	3,4	1		Homo sapiens	adult	58 years										/replicates/dea5d368-49ba-4f82-998b-c373debb9feb/,/replicates/49ffc861-8922-4780-a682-50f048290778/
/experiments/ENCSR000CON/	ENCSR000CON	polyA plus RNA-seq	polyA plus RNA-seq			A549	A549	GEO-obsolete:GSM758564,UCSC-ENCODE-hg19:wgEncodeEH000143,GEO:GSE86657	The libraries contained in this experiment come from the whole cell fraction of independent growths of cell line A549. They are stranded PE76 Illumina GAIIx RNA-Seq libraries from rRNA-depleted Poly-A+ RNA > 200 nucleotides in size.	Thomas Gingeras, CSHL	ENCODE	released	/files/ENCFF000EIR/,/files/ENCFF000EIS/,/files/ENCFF000EIU/,/files/ENCFF000EIY/,/files/ENCFF000EIZ/,/files/ENCFF000EJB/,/files/ENCFF000EJD/,/files/ENCFF000EJF/,/files/ENCFF000EJG/,/files/ENCFF000EJH/,/files/ENCFF000EJI/,/files/ENCFF000EJJ/,/files/ENCFF000EJK/,/files/ENCFF000EJP/,/files/ENCFF000EJR/,/files/ENCFF000EJT/,/files/ENCFF000EJV/,/files/ENCFF000EJW/,/files/ENCFF000EKB/,/files/ENCFF235INU/,/files/ENCFF983SQL/,/files/ENCFF983GXF/,/files/ENCFF501AUE/,/files/ENCFF125RAL/,/files/ENCFF343OBD/,/files/ENCFF739OVZ/,/files/ENCFF490UBS/,/files/ENCFF864IGO/,/files/ENCFF955ZMJ/,/files/ENCFF759XBQ/,/files/ENCFF800TTM/,/files/ENCFF474JVS/,/files/ENCFF792JPO/,/files/ENCFF627QMV/,/files/ENCFF633EVG/,/files/ENCFF883WJQ/,/files/ENCFF369ZNM/,/files/ENCFF908XTR/,/files/ENCFF837PLZ/,/files/ENCFF709MBP/,/files/ENCFF761XXJ/,/files/ENCFF947KFI/,/files/ENCFF615OVT/,/files/ENCFF279YZM/,/files/ENCFF472LGR/,/files/ENCFF738XBK/,/files/ENCFF119ZPB/,/files/ENCFF966DPK/,/files/ENCFF813XXV/,/files/ENCFF468GOZ/,/files/ENCFF452CIQ/,/files/ENCFF890BAW/,/files/ENCFF357KJN/,/files/ENCFF991PKZ/,/files/ENCFF133PXI/	/reference-epigenomes/ENCSR809EFN/,/reference-epigenomes/ENCSR706RZK/	ENCBS444ENC,ENCBS445ENC	1,2	1		Homo sapiens	adult	58 years										/replicates/d4ec1c59-9457-4976-8f5b-7f69904f7e32/,/replicates/c737e1a4-c0ff-42e7-8d9e-fe5c4b3e83f8/
/experiments/ENCSR000CTT/	ENCSR000CTT	polyA plus RNA-seq	polyA plus RNA-seq			SK-N-SH	SK-N-SH	GEO:GSE90266,UCSC-ENCODE-hg19:wgEncodeEH002632,GEO-obsolete:GSM981253	The libraries contained in this experiment come from the whole cell fraction of independent growths of cell line SK-N-SH. They are stranded PE101 Illumina Hi-Seq RNA-Seq libraries from rRNA-depleted Poly-A+ RNA > 200 nucleotides in size.	Thomas Gingeras, CSHL	ENCODE	released	/files/ENCFF000ILK/,/files/ENCFF000ILL/,/files/ENCFF000ILN/,/files/ENCFF000ILP/,/files/ENCFF000ILR/,/files/ENCFF000ILT/,/files/ENCFF000ILV/,/files/ENCFF000ILX/,/files/ENCFF000ILY/,/files/ENCFF000ILZ/,/files/ENCFF000IMA/,/files/ENCFF000IMB/,/files/ENCFF000IMC/,/files/ENCFF000IMD/,/files/ENCFF000IMI/,/files/ENCFF000IMK/,/files/ENCFF000IMR/,/files/ENCFF000IMS/,/files/ENCFF402FNC/,/files/ENCFF834FVN/,/files/ENCFF698OEA/,/files/ENCFF983WAR/,/files/ENCFF263OLY/,/files/ENCFF154IBY/,/files/ENCFF978ACT/,/files/ENCFF755PJE/,/files/ENCFF845CMD/,/files/ENCFF235BBV/,/files/ENCFF469MCF/,/files/ENCFF125LRI/,/files/ENCFF571JFI/,/files/ENCFF557RDD/,/files/ENCFF496SEL/,/files/ENCFF498ZFR/,/files/ENCFF389TFR/,/files/ENCFF784RQU/,/files/ENCFF085PRO/,/files/ENCFF161JEA/,/files/ENCFF876XBU/,/files/ENCFF453QEP/,/files/ENCFF197OOO/,/files/ENCFF809DEP/,/files/ENCFF942AUK/,/files/ENCFF817ZOY/,/files/ENCFF558OPH/,/files/ENCFF195GMF/,/files/ENCFF943SCA/,/files/ENCFF407LML/,/files/ENCFF775DOR/,/files/ENCFF240DBA/,/files/ENCFF559MUO/,/files/ENCFF118RNI/,/files/ENCFF670QAY/,/files/ENCFF762CPU/	/reference-epigenomes/ENCSR256OEH/,/reference-epigenomes/ENCSR046XHQ/	ENCBS362ENC,ENCBS365ENC	3,4	1		Homo sapiens	child	4 years										/replicates/320ce723-c2ea-4abd-975d-58b2e11e3d19/,/replicates/decad8de-37b7-4c00-afc2-2c4c2cfed1a3/
/experiments/ENCSR000CTN/	ENCSR000CTN	polyA plus RNA-seq	polyA plus RNA-seq			IMR-90 cytosolic fraction	IMR-90	UCSC-ENCODE-hg19:wgEncodeEH002626,GEO-obsolete:GSM981244,GEO:GSE90260	RNA-seq on human IMR90 cytosol long polyA+ RNA	Thomas Gingeras, CSHL	ENCODE	released	/files/ENCFF000HBB/,/files/ENCFF000HBC/,/files/ENCFF000HBE/,/files/ENCFF000HBH/,/files/ENCFF000HBJ/,/files/ENCFF000HBK/,/files/ENCFF000HBM/,/files/ENCFF000HBO/,/files/ENCFF000HBP/,/files/ENCFF000HBQ/,/files/ENCFF000HBR/,/files/ENCFF000HBS/,/files/ENCFF000HBX/,/files/ENCFF000HBZ/,/files/ENCFF000HCB/,/files/ENCFF000HCC/,/files/ENCFF000HCI/,/files/ENCFF000HCJ/,/files/ENCFF014QEQ/,/files/ENCFF459OIH/,/files/ENCFF245VNS/,/files/ENCFF101VXF/,/files/ENCFF885AMI/,/files/ENCFF385LOY/,/files/ENCFF462GYE/,/files/ENCFF757FAA/,/files/ENCFF334SUJ/,/files/ENCFF856EKR/,/files/ENCFF202VEB/,/files/ENCFF705CWH/,/files/ENCFF817NWK/,/files/ENCFF421GPZ/,/files/ENCFF684KWO/,/files/ENCFF815TRL/,/files/ENCFF214ZWW/,/files/ENCFF776XEO/,/files/ENCFF431VDJ/,/files/ENCFF281NWF/,/files/ENCFF647AXX/,/files/ENCFF318CIE/,/files/ENCFF740NGQ/,/files/ENCFF170MSP/,/files/ENCFF893SHX/,/files/ENCFF312WQK/,/files/ENCFF755CBM/,/files/ENCFF552KJX/,/files/ENCFF783ELC/,/files/ENCFF741ORK/,/files/ENCFF106KGJ/,/files/ENCFF943PTM/,/files/ENCFF354PGP/,/files/ENCFF043EZK/,/files/ENCFF865AQD/,/files/ENCFF138HMO/		ENCBS368ENC,ENCBS371ENC	1,2	1		Homo sapiens	embryonic	16 weeks										/replicates/9f0c3c4e-9b10-453a-9c79-d4443c52ca47/,/replicates/c8990fb6-de3f-4303-8557-f9f613e4a391/
